{
  "type": "FeatureCollection",
  "features": [
    {
      "type": "Feature",
      "properties": {
        "type": "deviation_path",
        "trip_id": "12304573_020826",
        "shape_id": "134730",
        "stroke": "#00bcd4",
        "stroke-width": 3,
        "stroke-opacity": 0.95
      },
      "geometry": {
        "type": "LineString",
        "coordinates": [
          [
            34.9684481419184,
            32.830635063621656
          ],
          [
            34.968242,
            32.830639
          ],
          [
            34.967844,
            32.830643
          ],
          [
            34.967403,
            32.830604
          ],
          [
            34.967251,
            32.830587
          ],
          [
            34.967056,
            32.830554
          ],
          [
            34.966812,
            32.830493
          ],
          [
            34.966394,
            32.830424
          ],
          [
            34.965839,
            32.830292
          ],
          [
            34.965286,
            32.830129
          ],
          [
            34.964724,
            32.829923
          ],
          [
            34.964113,
            32.829621
          ],
          [
            34.963847,
            32.829446
          ],
          [
            34.963676,
            32.829279
          ],
          [
            34.963659,
            32.829253
          ],
          [
            34.96365,
            32.829231
          ],
          [
            34.963646,
            32.829201
          ],
          [
            34.963646,
            32.829149
          ],
          [
            34.963667,
            32.82907
          ],
          [
            34.963726,
            32.828875
          ],
          [
            34.963748,
            32.828744
          ],
          [
            34.963767,
            32.828573
          ],
          [
            34.963845,
            32.827975
          ],
          [
            34.963835,
            32.827654
          ],
          [
            34.963793,
            32.827313
          ],
          [
            34.963626,
            32.826798
          ],
          [
            34.963548,
            32.826604
          ],
          [
            34.963413,
            32.826405
          ],
          [
            34.963242,
            32.82622
          ],
          [
            34.962992,
            32.826063
          ],
          [
            34.962751,
            32.825934
          ],
          [
            34.962667,
            32.825889
          ],
          [
            34.962581,
            32.825832
          ],
          [
            34.962382,
            32.825739
          ],
          [
            34.962433,
            32.825581
          ],
          [
            34.962468,
            32.825424
          ],
          [
            34.962465,
            32.825386
          ],
          [
            34.962463,
            32.825334
          ],
          [
            34.962458,
            32.825326
          ],
          [
            34.962432,
            32.82528
          ],
          [
            34.962396,
            32.825233
          ],
          [
            34.96234,
            32.825195
          ],
          [
            34.96224,
            32.82513
          ],
          [
            34.962105,
            32.825085
          ],
          [
            34.961959,
            32.82505
          ],
          [
            34.961626,
            32.824987
          ],
          [
            34.961481,
            32.824936
          ],
          [
            34.961382,
            32.824892
          ],
          [
            34.961274,
            32.824824
          ],
          [
            34.960991,
            32.824636
          ],
          [
            34.960779,
            32.824462
          ],
          [
            34.960437,
            32.824226
          ],
          [
            34.960085,
            32.82399
          ],
          [
            34.959949,
            32.823891
          ],
          [
            34.959724,
            32.823688
          ],
          [
            34.959554,
            32.823501
          ],
          [
            34.959534,
            32.82338
          ],
          [
            34.959527,
            32.82335
          ],
          [
            34.95948,
            32.823154
          ],
          [
            34.959425,
            32.822892
          ],
          [
            34.959339,
            32.82254
          ],
          [
            34.959283,
            32.822311
          ],
          [
            34.959273,
            32.822267
          ],
          [
            34.959204,
            32.821962
          ],
          [
            34.959124,
            32.821605
          ],
          [
            34.959016,
            32.821124
          ],
          [
            34.958834,
            32.820314
          ],
          [
            34.958805,
            32.820314
          ],
          [
            34.958784,
            32.820312
          ],
          [
            34.958755,
            32.820305
          ],
          [
            34.958721,
            32.820278
          ],
          [
            34.958707,
            32.820241
          ],
          [
            34.958707,
            32.82021
          ],
          [
            34.958714,
            32.820192
          ],
          [
            34.958716,
            32.820185
          ],
          [
            34.958735,
            32.820163
          ],
          [
            34.958732,
            32.820063
          ],
          [
            34.95869,
            32.819844
          ],
          [
            34.95865,
            32.819655
          ],
          [
            34.958612,
            32.819459
          ],
          [
            34.958594,
            32.819279
          ],
          [
            34.958578,
            32.818959
          ],
          [
            34.958578,
            32.818913
          ],
          [
            34.958598,
            32.818798
          ],
          [
            34.958632,
            32.818687
          ],
          [
            34.95870998669439,
            32.81842518752599
          ]
        ]
      }
    },
    {
      "type": "Feature",
      "properties": {
        "type": "original_route_shape",
        "shape_id": "134729",
        "stroke": "#1f2a7a",
        "stroke-width": 3,
        "stroke-opacity": 0.85
      },
      "geometry": {
        "type": "LineString",
        "coordinates": [
          [
            35.03935791366303,
            32.76619594132439
          ],
          [
            35.039362,
            32.766206
          ],
          [
            35.039497,
            32.766552
          ],
          [
            35.039512,
            32.766605
          ],
          [
            35.039517,
            32.766643
          ],
          [
            35.039517,
            32.766679
          ],
          [
            35.039508,
            32.766715
          ],
          [
            35.039525,
            32.766806
          ],
          [
            35.039513,
            32.766933
          ],
          [
            35.039465,
            32.767067
          ],
          [
            35.039344,
            32.76725
          ],
          [
            35.039205,
            32.767382
          ],
          [
            35.039054,
            32.76746
          ],
          [
            35.038911,
            32.767505
          ],
          [
            35.038843,
            32.767527
          ],
          [
            35.03875,
            32.767549
          ],
          [
            35.038493,
            32.767595
          ],
          [
            35.038419,
            32.767611
          ],
          [
            35.038315,
            32.767632
          ],
          [
            35.038019,
            32.767703
          ],
          [
            35.037853,
            32.767756
          ],
          [
            35.037605,
            32.76789
          ],
          [
            35.037441,
            32.768005
          ],
          [
            35.037369,
            32.768072
          ],
          [
            35.037327,
            32.76811
          ],
          [
            35.037181,
            32.768277
          ],
          [
            35.03712,
            32.768365
          ],
          [
            35.037128,
            32.768375
          ],
          [
            35.037134,
            32.768385
          ],
          [
            35.037139,
            32.768396
          ],
          [
            35.037143,
            32.768413
          ],
          [
            35.037144,
            32.768424
          ],
          [
            35.037142,
            32.768441
          ],
          [
            35.037139,
            32.768452
          ],
          [
            35.037134,
            32.768464
          ],
          [
            35.037124,
            32.768478
          ],
          [
            35.037115,
            32.768487
          ],
          [
            35.037105,
            32.768495
          ],
          [
            35.037094,
            32.768501
          ],
          [
            35.037083,
            32.768507
          ],
          [
            35.03707,
            32.768511
          ],
          [
            35.037068,
            32.768511
          ],
          [
            35.037057,
            32.768514
          ],
          [
            35.037044,
            32.768516
          ],
          [
            35.03703,
            32.768516
          ],
          [
            35.037016,
            32.768515
          ],
          [
            35.037003,
            32.768512
          ],
          [
            35.036991,
            32.768508
          ],
          [
            35.036973,
            32.7685
          ],
          [
            35.036957,
            32.768489
          ],
          [
            35.036945,
            32.768475
          ],
          [
            35.036935,
            32.76846
          ],
          [
            35.036929,
            32.768444
          ],
          [
            35.036926,
            32.768427
          ],
          [
            35.036927,
            32.768409
          ],
          [
            35.036923,
            32.768409
          ],
          [
            35.036853,
            32.768405
          ],
          [
            35.036782,
            32.768415
          ],
          [
            35.036721,
            32.768443
          ],
          [
            35.036704,
            32.76845
          ],
          [
            35.036542,
            32.768578
          ],
          [
            35.03633,
            32.768743
          ],
          [
            35.036181,
            32.768867
          ],
          [
            35.036056,
            32.768961
          ],
          [
            35.035931,
            32.769035
          ],
          [
            35.03584,
            32.769074
          ],
          [
            35.03548,
            32.769139
          ],
          [
            35.035239,
            32.769161
          ],
          [
            35.034976,
            32.769199
          ],
          [
            35.034828,
            32.769238
          ],
          [
            35.034794,
            32.769252
          ],
          [
            35.034632,
            32.769318
          ],
          [
            35.034225,
            32.769568
          ],
          [
            35.03413,
            32.769631
          ],
          [
            35.034,
            32.769706
          ],
          [
            35.033732,
            32.769805
          ],
          [
            35.033408,
            32.769901
          ],
          [
            35.033268,
            32.769942
          ],
          [
            35.032765,
            32.770105
          ],
          [
            35.032512,
            32.770186
          ],
          [
            35.032248,
            32.770266
          ],
          [
            35.031586,
            32.770491
          ],
          [
            35.031385,
            32.770572
          ],
          [
            35.031179,
            32.770654
          ],
          [
            35.030949,
            32.770768
          ],
          [
            35.030763,
            32.770845
          ],
          [
            35.030245,
            32.771057
          ],
          [
            35.030069,
            32.771105
          ],
          [
            35.029908,
            32.771136
          ],
          [
            35.029697,
            32.771145
          ],
          [
            35.029421,
            32.771141
          ],
          [
            35.029154,
            32.771097
          ],
          [
            35.029092,
            32.771077
          ],
          [
            35.028748,
            32.770965
          ],
          [
            35.028738,
            32.770981
          ],
          [
            35.028724,
            32.770994
          ],
          [
            35.028707,
            32.771005
          ],
          [
            35.028689,
            32.771013
          ],
          [
            35.028675,
            32.771017
          ],
          [
            35.028662,
            32.771019
          ],
          [
            35.028641,
            32.77102
          ],
          [
            35.02862,
            32.771017
          ],
          [
            35.0286,
            32.771012
          ],
          [
            35.028582,
            32.771003
          ],
          [
            35.028566,
            32.770992
          ],
          [
            35.028553,
            32.770978
          ],
          [
            35.028543,
            32.770963
          ],
          [
            35.028536,
            32.770947
          ],
          [
            35.028534,
            32.770929
          ],
          [
            35.028535,
            32.770912
          ],
          [
            35.028538,
            32.770901
          ],
          [
            35.028542,
            32.770892
          ],
          [
            35.02842,
            32.770822
          ],
          [
            35.028258,
            32.770721
          ],
          [
            35.027957,
            32.77045
          ],
          [
            35.027868,
            32.770377
          ],
          [
            35.027713,
            32.770295
          ],
          [
            35.027487,
            32.770294
          ],
          [
            35.027297,
            32.77032
          ],
          [
            35.027203,
            32.770315
          ],
          [
            35.027116,
            32.770273
          ],
          [
            35.027073,
            32.77023
          ],
          [
            35.027044,
            32.770166
          ],
          [
            35.027034,
            32.770081
          ],
          [
            35.027034,
            32.770051
          ],
          [
            35.027043,
            32.770008
          ],
          [
            35.027073,
            32.769942
          ],
          [
            35.02712,
            32.769902
          ],
          [
            35.027176,
            32.769874
          ],
          [
            35.02728,
            32.769848
          ],
          [
            35.027504,
            32.769813
          ],
          [
            35.027733,
            32.769797
          ],
          [
            35.027838,
            32.769785
          ],
          [
            35.028097,
            32.769817
          ],
          [
            35.028323,
            32.76986
          ],
          [
            35.028481,
            32.769861
          ],
          [
            35.028628,
            32.769832
          ],
          [
            35.028736,
            32.769781
          ],
          [
            35.028833,
            32.76971
          ],
          [
            35.028904,
            32.769623
          ],
          [
            35.028956,
            32.769525
          ],
          [
            35.02897,
            32.769317
          ],
          [
            35.028932,
            32.769192
          ],
          [
            35.02884,
            32.769086
          ],
          [
            35.028709,
            32.768988
          ],
          [
            35.028551,
            32.76894
          ],
          [
            35.028438,
            32.768917
          ],
          [
            35.028116,
            32.768849
          ],
          [
            35.027998,
            32.768767
          ],
          [
            35.027936,
            32.768677
          ],
          [
            35.027893,
            32.76849
          ],
          [
            35.027866,
            32.768489
          ],
          [
            35.027835,
            32.768476
          ],
          [
            35.027818,
            32.768462
          ],
          [
            35.027806,
            32.768444
          ],
          [
            35.027799,
            32.768426
          ],
          [
            35.027797,
            32.768398
          ],
          [
            35.027806,
            32.768367
          ],
          [
            35.027822,
            32.768346
          ],
          [
            35.02784,
            32.768333
          ],
          [
            35.027872,
            32.768321
          ],
          [
            35.0279,
            32.768321
          ],
          [
            35.027927,
            32.768329
          ],
          [
            35.02795,
            32.768344
          ],
          [
            35.02797,
            32.76837
          ],
          [
            35.027978,
            32.768395
          ],
          [
            35.027977,
            32.76841
          ],
          [
            35.028381,
            32.768458
          ],
          [
            35.028799,
            32.768499
          ],
          [
            35.02933,
            32.768591
          ],
          [
            35.029733,
            32.768681
          ],
          [
            35.030356,
            32.768875
          ],
          [
            35.030689,
            32.768954
          ],
          [
            35.030793,
            32.768959
          ],
          [
            35.03099,
            32.768959
          ],
          [
            35.031181,
            32.768938
          ],
          [
            35.031307,
            32.768923
          ],
          [
            35.031557,
            32.768876
          ],
          [
            35.031691,
            32.768838
          ],
          [
            35.031904,
            32.768735
          ],
          [
            35.03275,
            32.768191
          ],
          [
            35.032876,
            32.768109
          ],
          [
            35.03402,
            32.767341
          ],
          [
            35.034124,
            32.767286
          ],
          [
            35.034347,
            32.767156
          ],
          [
            35.034599,
            32.767047
          ],
          [
            35.034846,
            32.766973
          ],
          [
            35.035094,
            32.76693
          ],
          [
            35.03541,
            32.766907
          ],
          [
            35.035724,
            32.76688
          ],
          [
            35.03615,
            32.766804
          ],
          [
            35.036212,
            32.766789
          ],
          [
            35.036273,
            32.766769
          ],
          [
            35.036472,
            32.766675
          ],
          [
            35.036485,
            32.766654
          ],
          [
            35.036506,
            32.766636
          ],
          [
            35.036528,
            32.766625
          ],
          [
            35.036539,
            32.766619
          ],
          [
            35.036561,
            32.766614
          ],
          [
            35.036592,
            32.766613
          ],
          [
            35.036628,
            32.766621
          ],
          [
            35.036661,
            32.766638
          ],
          [
            35.036681,
            32.766657
          ],
          [
            35.037144,
            32.766428
          ],
          [
            35.037203,
            32.766395
          ],
          [
            35.037197,
            32.766384
          ],
          [
            35.037189,
            32.766343
          ],
          [
            35.037197,
            32.766308
          ],
          [
            35.037226,
            32.766267
          ],
          [
            35.037238,
            32.766259
          ],
          [
            35.037264,
            32.766243
          ],
          [
            35.03731,
            32.766233
          ],
          [
            35.037357,
            32.766239
          ],
          [
            35.037391,
            32.766256
          ],
          [
            35.03741,
            32.76627
          ],
          [
            35.038928,
            32.765573
          ],
          [
            35.038931,
            32.765536
          ],
          [
            35.038947,
            32.765508
          ],
          [
            35.038973,
            32.765486
          ],
          [
            35.038999,
            32.765473
          ],
          [
            35.039027,
            32.765467
          ],
          [
            35.039035,
            32.765465
          ],
          [
            35.039066,
            32.765466
          ],
          [
            35.039091,
            32.76547
          ],
          [
            35.039115,
            32.765481
          ],
          [
            35.039133,
            32.765492
          ],
          [
            35.039152,
            32.765511
          ],
          [
            35.039161,
            32.765527
          ],
          [
            35.03948,
            32.765402
          ],
          [
            35.039741,
            32.76531
          ],
          [
            35.040174,
            32.765172
          ],
          [
            35.040383,
            32.765109
          ],
          [
            35.040521,
            32.765081
          ],
          [
            35.040516,
            32.765073
          ],
          [
            35.04051,
            32.765062
          ],
          [
            35.040506,
            32.765049
          ],
          [
            35.040503,
            32.765037
          ],
          [
            35.040503,
            32.765017
          ],
          [
            35.040506,
            32.765005
          ],
          [
            35.04051,
            32.764992
          ],
          [
            35.04052,
            32.764975
          ],
          [
            35.040528,
            32.764964
          ],
          [
            35.040538,
            32.764955
          ],
          [
            35.040556,
            32.764942
          ],
          [
            35.040569,
            32.764936
          ],
          [
            35.040582,
            32.764931
          ],
          [
            35.040597,
            32.764927
          ],
          [
            35.040612,
            32.764925
          ],
          [
            35.040627,
            32.764924
          ],
          [
            35.040642,
            32.764925
          ],
          [
            35.040657,
            32.764928
          ],
          [
            35.040671,
            32.764932
          ],
          [
            35.040685,
            32.764937
          ],
          [
            35.040698,
            32.764944
          ],
          [
            35.040709,
            32.764953
          ],
          [
            35.04072,
            32.764962
          ],
          [
            35.040729,
            32.764972
          ],
          [
            35.040736,
            32.764984
          ],
          [
            35.040741,
            32.764996
          ],
          [
            35.040745,
            32.765008
          ],
          [
            35.040747,
            32.765021
          ],
          [
            35.040746,
            32.765039
          ],
          [
            35.040814,
            32.765028
          ],
          [
            35.04098,
            32.765018
          ],
          [
            35.041312,
            32.765014
          ],
          [
            35.04179,
            32.765068
          ],
          [
            35.042165,
            32.765176
          ],
          [
            35.042443,
            32.765278
          ],
          [
            35.042467,
            32.765297
          ],
          [
            35.042656,
            32.765444
          ],
          [
            35.042669,
            32.765454
          ],
          [
            35.042855,
            32.765709
          ],
          [
            35.042937,
            32.765937
          ],
          [
            35.042872,
            32.766188
          ],
          [
            35.042836,
            32.766346
          ],
          [
            35.042819,
            32.766392
          ],
          [
            35.042786,
            32.766453
          ],
          [
            35.042762,
            32.766483
          ],
          [
            35.042716,
            32.766527
          ],
          [
            35.042722,
            32.76655
          ],
          [
            35.042719,
            32.766579
          ],
          [
            35.042712,
            32.766595
          ],
          [
            35.042697,
            32.766615
          ],
          [
            35.042678,
            32.766629
          ],
          [
            35.04264,
            32.766646
          ],
          [
            35.042613,
            32.766649
          ],
          [
            35.042586,
            32.766647
          ],
          [
            35.042566,
            32.766641
          ],
          [
            35.042548,
            32.766632
          ],
          [
            35.042533,
            32.766621
          ],
          [
            35.042516,
            32.766603
          ],
          [
            35.042505,
            32.766581
          ],
          [
            35.042503,
            32.766568
          ],
          [
            35.042361,
            32.766627
          ],
          [
            35.042198,
            32.766674
          ],
          [
            35.04205,
            32.766713
          ],
          [
            35.042033,
            32.766718
          ],
          [
            35.041891,
            32.766764
          ],
          [
            35.041806,
            32.766808
          ],
          [
            35.041713,
            32.766882
          ],
          [
            35.04164,
            32.766974
          ],
          [
            35.041583,
            32.767057
          ],
          [
            35.041547,
            32.767148
          ],
          [
            35.041532,
            32.767248
          ],
          [
            35.041531,
            32.767346
          ],
          [
            35.041571,
            32.767456
          ],
          [
            35.041614,
            32.767527
          ],
          [
            35.041713,
            32.767689
          ],
          [
            35.041844,
            32.767861
          ],
          [
            35.041918,
            32.768039
          ],
          [
            35.041923,
            32.76807
          ],
          [
            35.041963,
            32.768166
          ],
          [
            35.041971,
            32.768194
          ],
          [
            35.04198,
            32.768237
          ],
          [
            35.041979,
            32.768272
          ],
          [
            35.041972,
            32.768367
          ],
          [
            35.041953,
            32.768446
          ],
          [
            35.041888,
            32.768571
          ],
          [
            35.04189,
            32.768586
          ],
          [
            35.041888,
            32.768609
          ],
          [
            35.041884,
            32.768624
          ],
          [
            35.041879,
            32.768639
          ],
          [
            35.041868,
            32.76866
          ],
          [
            35.041853,
            32.768679
          ],
          [
            35.041835,
            32.768696
          ],
          [
            35.041814,
            32.768709
          ],
          [
            35.041796,
            32.768717
          ],
          [
            35.041701,
            32.768838
          ],
          [
            35.041666,
            32.76887
          ],
          [
            35.041627,
            32.7689
          ],
          [
            35.041582,
            32.768932
          ],
          [
            35.041497,
            32.768974
          ],
          [
            35.040837,
            32.769317
          ],
          [
            35.040439,
            32.769511
          ],
          [
            35.040345,
            32.769555
          ],
          [
            35.040103,
            32.769668
          ],
          [
            35.039967,
            32.769819
          ],
          [
            35.039882,
            32.769889
          ],
          [
            35.039692,
            32.770103
          ],
          [
            35.039616,
            32.77022
          ],
          [
            35.039565,
            32.770348
          ],
          [
            35.039541,
            32.77048
          ],
          [
            35.03955,
            32.770662
          ],
          [
            35.039593,
            32.77095
          ],
          [
            35.03962,
            32.771289
          ],
          [
            35.039638,
            32.771296
          ],
          [
            35.039653,
            32.771306
          ],
          [
            35.039665,
            32.771318
          ],
          [
            35.039675,
            32.771332
          ],
          [
            35.039682,
            32.771347
          ],
          [
            35.039685,
            32.771363
          ],
          [
            35.039684,
            32.771379
          ],
          [
            35.03968,
            32.771395
          ],
          [
            35.039672,
            32.771409
          ],
          [
            35.039661,
            32.771423
          ],
          [
            35.039648,
            32.771434
          ],
          [
            35.039632,
            32.771443
          ],
          [
            35.039637,
            32.771602
          ],
          [
            35.039628,
            32.771784
          ],
          [
            35.039582,
            32.771956
          ],
          [
            35.039508,
            32.772174
          ],
          [
            35.039408,
            32.772355
          ],
          [
            35.039249,
            32.772536
          ],
          [
            35.039058,
            32.77269
          ],
          [
            35.038753,
            32.772858
          ],
          [
            35.038531,
            32.772953
          ],
          [
            35.038357,
            32.773027
          ],
          [
            35.03826,
            32.773067
          ],
          [
            35.038099,
            32.773134
          ],
          [
            35.038009,
            32.773179
          ],
          [
            35.037953,
            32.773223
          ],
          [
            35.037837,
            32.773346
          ],
          [
            35.037764,
            32.773382
          ],
          [
            35.037726,
            32.773398
          ],
          [
            35.037705,
            32.7734
          ],
          [
            35.037687,
            32.7734
          ],
          [
            35.037624,
            32.773391
          ],
          [
            35.037521,
            32.773283
          ],
          [
            35.037076,
            32.772864
          ],
          [
            35.036968,
            32.772783
          ],
          [
            35.036887,
            32.772733
          ],
          [
            35.036772,
            32.772676
          ],
          [
            35.036646,
            32.772634
          ],
          [
            35.036451,
            32.772571
          ],
          [
            35.036224,
            32.772518
          ],
          [
            35.035956,
            32.77242
          ],
          [
            35.035819,
            32.772379
          ],
          [
            35.03565,
            32.772339
          ],
          [
            35.035348,
            32.77227
          ],
          [
            35.035198,
            32.772254
          ],
          [
            35.034963,
            32.772245
          ],
          [
            35.03464,
            32.772272
          ],
          [
            35.034243,
            32.772344
          ],
          [
            35.033806,
            32.772453
          ],
          [
            35.033363,
            32.772605
          ],
          [
            35.033014,
            32.772742
          ],
          [
            35.032865,
            32.772801
          ],
          [
            35.032745,
            32.772848
          ],
          [
            35.032161,
            32.773079
          ],
          [
            35.032161,
            32.773095
          ],
          [
            35.032158,
            32.773107
          ],
          [
            35.032153,
            32.773119
          ],
          [
            35.032144,
            32.773135
          ],
          [
            35.032135,
            32.773145
          ],
          [
            35.032126,
            32.773154
          ],
          [
            35.032109,
            32.773165
          ],
          [
            35.032096,
            32.773171
          ],
          [
            35.032083,
            32.773175
          ],
          [
            35.032069,
            32.773179
          ],
          [
            35.032055,
            32.77318
          ],
          [
            35.032033,
            32.77318
          ],
          [
            35.032012,
            32.773176
          ],
          [
            35.031999,
            32.773172
          ],
          [
            35.031986,
            32.773166
          ],
          [
            35.031971,
            32.773157
          ],
          [
            35.03136,
            32.773382
          ],
          [
            35.030858,
            32.773592
          ],
          [
            35.030586,
            32.773709
          ],
          [
            35.030369,
            32.773848
          ],
          [
            35.030221,
            32.773962
          ],
          [
            35.030082,
            32.774096
          ],
          [
            35.029959,
            32.774233
          ],
          [
            35.029892,
            32.774325
          ],
          [
            35.029862,
            32.774375
          ],
          [
            35.029821,
            32.774461
          ],
          [
            35.029796,
            32.774518
          ],
          [
            35.029776,
            32.774575
          ],
          [
            35.029763,
            32.774637
          ],
          [
            35.029761,
            32.774679
          ],
          [
            35.029773,
            32.774733
          ],
          [
            35.029778,
            32.774773
          ],
          [
            35.029785,
            32.774808
          ],
          [
            35.029806,
            32.774866
          ],
          [
            35.029821,
            32.774902
          ],
          [
            35.029891,
            32.775021
          ],
          [
            35.030024,
            32.7752
          ],
          [
            35.030111,
            32.775371
          ],
          [
            35.030159,
            32.77552
          ],
          [
            35.030166,
            32.775588
          ],
          [
            35.030206,
            32.775779
          ],
          [
            35.030196,
            32.775982
          ],
          [
            35.03018,
            32.776214
          ],
          [
            35.030177,
            32.776374
          ],
          [
            35.030177,
            32.776554
          ],
          [
            35.030194,
            32.77671
          ],
          [
            35.030217,
            32.776858
          ],
          [
            35.030269,
            32.777055
          ],
          [
            35.030257,
            32.777185
          ],
          [
            35.030078,
            32.777494
          ],
          [
            35.02887,
            32.779061
          ],
          [
            35.02869,
            32.779234
          ],
          [
            35.028569,
            32.779304
          ],
          [
            35.028427,
            32.77936
          ],
          [
            35.02826,
            32.779395
          ],
          [
            35.028072,
            32.779391
          ],
          [
            35.027872,
            32.779342
          ],
          [
            35.02768,
            32.779285
          ],
          [
            35.027379,
            32.779207
          ],
          [
            35.027179,
            32.779193
          ],
          [
            35.027024,
            32.779206
          ],
          [
            35.026786,
            32.779256
          ],
          [
            35.026615,
            32.779333
          ],
          [
            35.026472,
            32.779414
          ],
          [
            35.026351,
            32.779534
          ],
          [
            35.025673,
            32.780266
          ],
          [
            35.025426,
            32.780502
          ],
          [
            35.025104,
            32.780703
          ],
          [
            35.02487,
            32.780822
          ],
          [
            35.024573,
            32.780928
          ],
          [
            35.024218,
            32.781016
          ],
          [
            35.024005,
            32.781082
          ],
          [
            35.023775,
            32.781153
          ],
          [
            35.023625,
            32.781216
          ],
          [
            35.023529,
            32.781286
          ],
          [
            35.023474,
            32.781357
          ],
          [
            35.023469,
            32.781399
          ],
          [
            35.023457,
            32.781504
          ],
          [
            35.023461,
            32.781557
          ],
          [
            35.023544,
            32.781677
          ],
          [
            35.02359,
            32.781712
          ],
          [
            35.023642,
            32.781734
          ],
          [
            35.023772,
            32.781743
          ],
          [
            35.024247,
            32.781638
          ],
          [
            35.024927,
            32.781495
          ],
          [
            35.025399,
            32.781388
          ],
          [
            35.025689,
            32.781302
          ],
          [
            35.026654,
            32.781001
          ],
          [
            35.02693,
            32.780931
          ],
          [
            35.02722,
            32.780892
          ],
          [
            35.02744,
            32.780892
          ],
          [
            35.027825,
            32.780975
          ],
          [
            35.028287,
            32.781143
          ],
          [
            35.028405,
            32.78119
          ],
          [
            35.028533,
            32.781249
          ],
          [
            35.028703,
            32.781343
          ],
          [
            35.028783,
            32.781417
          ],
          [
            35.02887,
            32.781487
          ],
          [
            35.02895,
            32.781582
          ],
          [
            35.029022,
            32.781688
          ],
          [
            35.02907,
            32.78177
          ],
          [
            35.029109,
            32.781874
          ],
          [
            35.029136,
            32.781994
          ],
          [
            35.02915,
            32.782102
          ],
          [
            35.029158,
            32.782213
          ],
          [
            35.029138,
            32.782373
          ],
          [
            35.029029,
            32.782759
          ],
          [
            35.028866,
            32.783225
          ],
          [
            35.028493,
            32.784358
          ],
          [
            35.02804,
            32.785432
          ],
          [
            35.027647,
            32.786295
          ],
          [
            35.027488,
            32.786584
          ],
          [
            35.027256,
            32.786881
          ],
          [
            35.026996,
            32.787128
          ],
          [
            35.026424,
            32.7877
          ],
          [
            35.026233,
            32.78797
          ],
          [
            35.025536,
            32.789179
          ],
          [
            35.025511,
            32.789226
          ],
          [
            35.025409,
            32.789415
          ],
          [
            35.025237,
            32.789732
          ],
          [
            35.025077,
            32.790028
          ],
          [
            35.024859,
            32.790403
          ],
          [
            35.024647,
            32.790778
          ],
          [
            35.024501,
            32.791025
          ],
          [
            35.024341,
            32.791333
          ],
          [
            35.024087,
            32.791769
          ],
          [
            35.023911,
            32.79206
          ],
          [
            35.023539,
            32.792586
          ],
          [
            35.023322,
            32.792846
          ],
          [
            35.022861,
            32.793376
          ],
          [
            35.02285,
            32.793387
          ],
          [
            35.022243,
            32.794042
          ],
          [
            35.021728,
            32.794539
          ],
          [
            35.02144,
            32.7948
          ],
          [
            35.021391,
            32.794841
          ],
          [
            35.020479,
            32.795602
          ],
          [
            35.020091,
            32.795924
          ],
          [
            35.019868,
            32.796113
          ],
          [
            35.019696,
            32.796257
          ],
          [
            35.019206,
            32.796683
          ],
          [
            35.018975,
            32.796899
          ],
          [
            35.018839,
            32.797033
          ],
          [
            35.01876,
            32.797107
          ],
          [
            35.018689,
            32.797188
          ],
          [
            35.018641,
            32.797247
          ],
          [
            35.018599,
            32.797302
          ],
          [
            35.018573,
            32.797356
          ],
          [
            35.018553,
            32.797412
          ],
          [
            35.018534,
            32.797456
          ],
          [
            35.018514,
            32.797518
          ],
          [
            35.018499,
            32.797587
          ],
          [
            35.018483,
            32.797673
          ],
          [
            35.018376,
            32.797677
          ],
          [
            35.01831,
            32.79768
          ],
          [
            35.018194,
            32.797689
          ],
          [
            35.018007,
            32.797701
          ],
          [
            35.017997,
            32.797703
          ],
          [
            35.017498,
            32.797738
          ],
          [
            35.01735,
            32.797753
          ],
          [
            35.017211,
            32.797775
          ],
          [
            35.017086,
            32.797802
          ],
          [
            35.016989,
            32.797836
          ],
          [
            35.01692,
            32.797871
          ],
          [
            35.016839,
            32.79792
          ],
          [
            35.016563,
            32.798068
          ],
          [
            35.016231,
            32.798246
          ],
          [
            35.016084,
            32.79833
          ],
          [
            35.016002,
            32.798373
          ],
          [
            35.015783,
            32.798488
          ],
          [
            35.015481,
            32.798636
          ],
          [
            35.015235,
            32.798801
          ],
          [
            35.015163,
            32.798843
          ],
          [
            35.014746,
            32.799119
          ],
          [
            35.014645,
            32.799185
          ],
          [
            35.014536,
            32.799274
          ],
          [
            35.014249,
            32.79948
          ],
          [
            35.01414,
            32.799561
          ],
          [
            35.014017,
            32.799643
          ],
          [
            35.013869,
            32.79976
          ],
          [
            35.013761,
            32.799853
          ],
          [
            35.013502,
            32.800035
          ],
          [
            35.013432,
            32.800078
          ],
          [
            35.013375,
            32.80012
          ],
          [
            35.013333,
            32.800147
          ],
          [
            35.013279,
            32.800194
          ],
          [
            35.01324,
            32.800236
          ],
          [
            35.013223,
            32.800266
          ],
          [
            35.013209,
            32.800301
          ],
          [
            35.01317,
            32.800367
          ],
          [
            35.012992,
            32.800454
          ],
          [
            35.012767,
            32.800575
          ],
          [
            35.012195,
            32.800918
          ],
          [
            35.011906,
            32.801064
          ],
          [
            35.01142,
            32.801277
          ],
          [
            35.010777,
            32.801602
          ],
          [
            35.010539,
            32.801723
          ],
          [
            35.010427,
            32.801778
          ],
          [
            35.010286,
            32.801852
          ],
          [
            35.009929,
            32.802051
          ],
          [
            35.009472,
            32.802359
          ],
          [
            35.009055,
            32.802683
          ],
          [
            35.008784,
            32.802957
          ],
          [
            35.008647,
            32.8031
          ],
          [
            35.008597,
            32.803153
          ],
          [
            35.008331,
            32.803483
          ],
          [
            35.008267,
            32.803555
          ],
          [
            35.008193,
            32.803637
          ],
          [
            35.008142,
            32.803677
          ],
          [
            35.00798,
            32.803855
          ],
          [
            35.007909,
            32.803914
          ],
          [
            35.00781,
            32.803991
          ],
          [
            35.007766,
            32.804023
          ],
          [
            35.007601,
            32.804141
          ],
          [
            35.0073,
            32.804318
          ],
          [
            35.007165,
            32.804379
          ],
          [
            35.007123,
            32.804398
          ],
          [
            35.006977,
            32.804467
          ],
          [
            35.006865,
            32.804511
          ],
          [
            35.006591,
            32.804602
          ],
          [
            35.006142,
            32.804705
          ],
          [
            35.005979,
            32.804727
          ],
          [
            35.005877,
            32.804736
          ],
          [
            35.00583,
            32.80474
          ],
          [
            35.005673,
            32.804736
          ],
          [
            35.005531,
            32.804718
          ],
          [
            35.005411,
            32.804672
          ],
          [
            35.005332,
            32.804638
          ],
          [
            35.005145,
            32.804529
          ],
          [
            35.005026,
            32.804453
          ],
          [
            35.00494,
            32.804403
          ],
          [
            35.004751,
            32.804306
          ],
          [
            35.004739,
            32.8043
          ],
          [
            35.004618,
            32.804267
          ],
          [
            35.004539,
            32.804251
          ],
          [
            35.00441,
            32.804256
          ],
          [
            35.004312,
            32.804264
          ],
          [
            35.004145,
            32.804289
          ],
          [
            35.003982,
            32.804331
          ],
          [
            35.003834,
            32.804382
          ],
          [
            35.003661,
            32.804478
          ],
          [
            35.00352,
            32.804587
          ],
          [
            35.003453,
            32.804653
          ],
          [
            35.003399,
            32.804707
          ],
          [
            35.003291,
            32.804839
          ],
          [
            35.003098,
            32.805094
          ],
          [
            35.002912,
            32.805336
          ],
          [
            35.002715,
            32.805619
          ],
          [
            35.002608,
            32.805753
          ],
          [
            35.002557,
            32.805817
          ],
          [
            35.00239,
            32.806037
          ],
          [
            35.002329,
            32.80612
          ],
          [
            35.00214,
            32.806374
          ],
          [
            35.001993,
            32.80657
          ],
          [
            35.0018,
            32.806829
          ],
          [
            35.0017,
            32.806973
          ],
          [
            35.001572,
            32.80713
          ],
          [
            35.001492,
            32.80721
          ],
          [
            35.001434,
            32.807268
          ],
          [
            35.001177,
            32.807492
          ],
          [
            35.000831,
            32.807824
          ],
          [
            35.000661,
            32.80798
          ],
          [
            35.000382,
            32.808226
          ],
          [
            35.000281,
            32.808313
          ],
          [
            35.000238,
            32.808351
          ],
          [
            34.99977,
            32.808789
          ],
          [
            34.999433,
            32.809102
          ],
          [
            34.999137,
            32.809393
          ],
          [
            34.999022,
            32.809506
          ],
          [
            34.99892,
            32.809629
          ],
          [
            34.998833,
            32.809783
          ],
          [
            34.998608,
            32.81018
          ],
          [
            34.998416,
            32.810516
          ],
          [
            34.998314,
            32.8107
          ],
          [
            34.998254,
            32.81081
          ],
          [
            34.998173,
            32.810944
          ],
          [
            34.998133,
            32.811008
          ],
          [
            34.998235,
            32.811127
          ],
          [
            34.998538,
            32.81148
          ],
          [
            34.998575,
            32.811523
          ],
          [
            34.998695,
            32.811658
          ],
          [
            34.999155,
            32.812135
          ],
          [
            34.99929,
            32.812283
          ],
          [
            34.999417,
            32.812444
          ],
          [
            34.99949,
            32.812549
          ],
          [
            34.999556,
            32.812587
          ],
          [
            34.999598,
            32.812603
          ],
          [
            34.999632,
            32.812613
          ],
          [
            34.999681,
            32.812617
          ],
          [
            34.999763,
            32.812606
          ],
          [
            34.999786,
            32.812588
          ],
          [
            34.999928,
            32.812463
          ],
          [
            35.000113,
            32.812351
          ],
          [
            35.000141,
            32.812332
          ],
          [
            35.000183,
            32.812308
          ],
          [
            35.000229,
            32.812291
          ],
          [
            35.000272,
            32.812279
          ],
          [
            35.000314,
            32.81227
          ],
          [
            35.000355,
            32.812268
          ],
          [
            35.000401,
            32.812267
          ],
          [
            35.000447,
            32.812274
          ],
          [
            35.000525,
            32.81229
          ],
          [
            35.000775,
            32.812359
          ],
          [
            35.000946,
            32.812419
          ],
          [
            35.001003,
            32.812441
          ],
          [
            35.00105,
            32.81247
          ],
          [
            35.001096,
            32.812506
          ],
          [
            35.001122,
            32.812536
          ],
          [
            35.001143,
            32.812574
          ],
          [
            35.001157,
            32.812616
          ],
          [
            35.001159,
            32.812661
          ],
          [
            35.001111,
            32.812802
          ],
          [
            35.001081,
            32.812866
          ],
          [
            35.001021,
            32.812938
          ],
          [
            35.000753,
            32.813372
          ],
          [
            35.000618,
            32.813607
          ],
          [
            35.000451,
            32.813934
          ],
          [
            35.000289,
            32.814312
          ],
          [
            35.000204,
            32.814558
          ],
          [
            35.00018,
            32.81464
          ],
          [
            35.000161,
            32.814698
          ],
          [
            35.000109,
            32.814906
          ],
          [
            35.0001,
            32.814962
          ],
          [
            35.000097,
            32.81504
          ],
          [
            35.000101,
            32.815108
          ],
          [
            35.000111,
            32.815106
          ],
          [
            35.000127,
            32.815106
          ],
          [
            35.000136,
            32.815108
          ],
          [
            35.000151,
            32.815113
          ],
          [
            35.000161,
            32.81512
          ],
          [
            35.000174,
            32.815133
          ],
          [
            35.00018,
            32.815143
          ],
          [
            35.000183,
            32.815154
          ],
          [
            35.000185,
            32.815165
          ],
          [
            35.00018,
            32.815186
          ],
          [
            35.000167,
            32.815204
          ],
          [
            35.000154,
            32.815214
          ],
          [
            35.000144,
            32.815218
          ],
          [
            34.999952,
            32.815382
          ],
          [
            34.999787,
            32.815584
          ],
          [
            34.999454,
            32.815989
          ],
          [
            34.999224,
            32.81625
          ],
          [
            34.998817,
            32.81663
          ],
          [
            34.998604,
            32.816865
          ],
          [
            34.998473,
            32.817037
          ],
          [
            34.998361,
            32.817179
          ],
          [
            34.998278,
            32.817346
          ],
          [
            34.998214,
            32.817483
          ],
          [
            34.998177,
            32.817561
          ],
          [
            34.998093,
            32.817719
          ],
          [
            34.998049,
            32.817811
          ],
          [
            34.998002,
            32.817933
          ],
          [
            34.997992,
            32.817962
          ],
          [
            34.997985,
            32.817985
          ],
          [
            34.99798,
            32.818053
          ],
          [
            34.997982,
            32.818109
          ],
          [
            34.997984,
            32.818181
          ],
          [
            34.997982,
            32.818237
          ],
          [
            34.99796,
            32.818321
          ],
          [
            34.997927,
            32.818389
          ],
          [
            34.997869,
            32.818462
          ],
          [
            34.997565,
            32.8186
          ],
          [
            34.997477,
            32.818645
          ],
          [
            34.997377,
            32.818693
          ],
          [
            34.997264,
            32.818757
          ],
          [
            34.996695,
            32.81901
          ],
          [
            34.996355,
            32.819173
          ],
          [
            34.99604,
            32.819307
          ],
          [
            34.995797,
            32.819407
          ],
          [
            34.995614,
            32.819485
          ],
          [
            34.995395,
            32.819588
          ],
          [
            34.994973,
            32.819764
          ],
          [
            34.994816,
            32.819893
          ],
          [
            34.994811,
            32.819916
          ],
          [
            34.994804,
            32.819933
          ],
          [
            34.994792,
            32.819957
          ],
          [
            34.994781,
            32.819971
          ],
          [
            34.99477,
            32.819984
          ],
          [
            34.994752,
            32.82
          ],
          [
            34.994732,
            32.820014
          ],
          [
            34.99471,
            32.820026
          ],
          [
            34.994687,
            32.820036
          ],
          [
            34.994662,
            32.820043
          ],
          [
            34.994634,
            32.820047
          ],
          [
            34.994611,
            32.820049
          ],
          [
            34.994585,
            32.820048
          ],
          [
            34.994559,
            32.820044
          ],
          [
            34.994534,
            32.820038
          ],
          [
            34.994512,
            32.820029
          ],
          [
            34.994394,
            32.820059
          ],
          [
            34.994303,
            32.820084
          ],
          [
            34.993889,
            32.820257
          ],
          [
            34.993724,
            32.820323
          ],
          [
            34.993606,
            32.820372
          ],
          [
            34.993333,
            32.820495
          ],
          [
            34.993068,
            32.820621
          ],
          [
            34.992629,
            32.820812
          ],
          [
            34.992362,
            32.820928
          ],
          [
            34.992202,
            32.820997
          ],
          [
            34.99192,
            32.821122
          ],
          [
            34.991722,
            32.821216
          ],
          [
            34.99154,
            32.821313
          ],
          [
            34.991425,
            32.821386
          ],
          [
            34.991418,
            32.821416
          ],
          [
            34.991405,
            32.821432
          ],
          [
            34.991387,
            32.821448
          ],
          [
            34.99136,
            32.821457
          ],
          [
            34.991333,
            32.821459
          ],
          [
            34.991319,
            32.82146
          ],
          [
            34.991285,
            32.821457
          ],
          [
            34.991275,
            32.821454
          ],
          [
            34.991261,
            32.82145
          ],
          [
            34.991248,
            32.821445
          ],
          [
            34.991236,
            32.821438
          ],
          [
            34.99122,
            32.821425
          ],
          [
            34.991211,
            32.821416
          ],
          [
            34.991204,
            32.821405
          ],
          [
            34.991198,
            32.821394
          ],
          [
            34.991194,
            32.821382
          ],
          [
            34.991192,
            32.821371
          ],
          [
            34.991191,
            32.821358
          ],
          [
            34.991192,
            32.821346
          ],
          [
            34.991196,
            32.821335
          ],
          [
            34.991201,
            32.821323
          ],
          [
            34.991204,
            32.821317
          ],
          [
            34.991216,
            32.821303
          ],
          [
            34.991231,
            32.821289
          ],
          [
            34.991237,
            32.821286
          ],
          [
            34.991124,
            32.82107
          ],
          [
            34.990928,
            32.820758
          ],
          [
            34.990833,
            32.820606
          ],
          [
            34.990708,
            32.820399
          ],
          [
            34.990525,
            32.820109
          ],
          [
            34.990052,
            32.819358
          ],
          [
            34.989748,
            32.818865
          ],
          [
            34.98974,
            32.818854
          ],
          [
            34.989165,
            32.818845
          ],
          [
            34.98866,
            32.818862
          ],
          [
            34.988559,
            32.818871
          ],
          [
            34.988432,
            32.818882
          ],
          [
            34.988342,
            32.818887
          ],
          [
            34.988187,
            32.818908
          ],
          [
            34.987968,
            32.818952
          ],
          [
            34.987794,
            32.818989
          ],
          [
            34.987473,
            32.819073
          ],
          [
            34.98718,
            32.819166
          ],
          [
            34.986138,
            32.8194
          ],
          [
            34.986024,
            32.819426
          ],
          [
            34.986017,
            32.819441
          ],
          [
            34.986011,
            32.819449
          ],
          [
            34.986004,
            32.819456
          ],
          [
            34.985992,
            32.819466
          ],
          [
            34.985982,
            32.819471
          ],
          [
            34.985972,
            32.819475
          ],
          [
            34.985962,
            32.819478
          ],
          [
            34.985951,
            32.81948
          ],
          [
            34.98594,
            32.819481
          ],
          [
            34.985929,
            32.81948
          ],
          [
            34.985918,
            32.819478
          ],
          [
            34.985907,
            32.819476
          ],
          [
            34.98589,
            32.819469
          ],
          [
            34.985883,
            32.819464
          ],
          [
            34.985875,
            32.819458
          ],
          [
            34.985863,
            32.819446
          ],
          [
            34.985848,
            32.819451
          ],
          [
            34.985458,
            32.819583
          ],
          [
            34.985108,
            32.819691
          ],
          [
            34.984855,
            32.819777
          ],
          [
            34.984627,
            32.819855
          ],
          [
            34.984632,
            32.819854
          ],
          [
            34.984399,
            32.819938
          ],
          [
            34.983826,
            32.820143
          ],
          [
            34.983389,
            32.820365
          ],
          [
            34.983273,
            32.820429
          ],
          [
            34.983066,
            32.820528
          ],
          [
            34.982776,
            32.820689
          ],
          [
            34.982403,
            32.820929
          ],
          [
            34.982157,
            32.821131
          ],
          [
            34.982133,
            32.821146
          ],
          [
            34.981793,
            32.821451
          ],
          [
            34.981527,
            32.821699
          ],
          [
            34.981358,
            32.821893
          ],
          [
            34.98137,
            32.821906
          ],
          [
            34.981376,
            32.821916
          ],
          [
            34.981383,
            32.821933
          ],
          [
            34.981386,
            32.821944
          ],
          [
            34.981387,
            32.821956
          ],
          [
            34.981385,
            32.821973
          ],
          [
            34.981381,
            32.821984
          ],
          [
            34.981376,
            32.821995
          ],
          [
            34.98137,
            32.822005
          ],
          [
            34.981362,
            32.822014
          ],
          [
            34.981352,
            32.822022
          ],
          [
            34.981342,
            32.82203
          ],
          [
            34.981331,
            32.822036
          ],
          [
            34.981318,
            32.822041
          ],
          [
            34.981305,
            32.822045
          ],
          [
            34.981292,
            32.822047
          ],
          [
            34.981178,
            32.822114
          ],
          [
            34.981078,
            32.822207
          ],
          [
            34.980914,
            32.822398
          ],
          [
            34.980352,
            32.823024
          ],
          [
            34.980206,
            32.823168
          ],
          [
            34.979632,
            32.823734
          ],
          [
            34.979399,
            32.823965
          ],
          [
            34.979011,
            32.824348
          ],
          [
            34.978574,
            32.824768
          ],
          [
            34.978446,
            32.824911
          ],
          [
            34.978108,
            32.825269
          ],
          [
            34.978017,
            32.825358
          ],
          [
            34.977776,
            32.825594
          ],
          [
            34.977654,
            32.825718
          ],
          [
            34.977609,
            32.825756
          ],
          [
            34.977501,
            32.825845
          ],
          [
            34.977134,
            32.826092
          ],
          [
            34.976631,
            32.826417
          ],
          [
            34.976498,
            32.826502
          ],
          [
            34.97618,
            32.82672
          ],
          [
            34.976103,
            32.826802
          ],
          [
            34.976098,
            32.826819
          ],
          [
            34.976093,
            32.82683
          ],
          [
            34.976086,
            32.826841
          ],
          [
            34.976078,
            32.82685
          ],
          [
            34.976069,
            32.826859
          ],
          [
            34.976058,
            32.826866
          ],
          [
            34.976042,
            32.826875
          ],
          [
            34.976033,
            32.826878
          ],
          [
            34.97602,
            32.826882
          ],
          [
            34.975999,
            32.826885
          ],
          [
            34.975985,
            32.826885
          ],
          [
            34.975971,
            32.826884
          ],
          [
            34.975958,
            32.826881
          ],
          [
            34.975944,
            32.826877
          ],
          [
            34.97584,
            32.826893
          ],
          [
            34.975741,
            32.826929
          ],
          [
            34.975617,
            32.826984
          ],
          [
            34.97514,
            32.827199
          ],
          [
            34.975,
            32.827262
          ],
          [
            34.974862,
            32.827325
          ],
          [
            34.974431,
            32.8275
          ],
          [
            34.974326,
            32.827543
          ],
          [
            34.974067,
            32.827642
          ],
          [
            34.973725,
            32.827776
          ],
          [
            34.973521,
            32.827864
          ],
          [
            34.973507,
            32.82787
          ],
          [
            34.973375,
            32.827936
          ],
          [
            34.973251,
            32.828011
          ],
          [
            34.973065,
            32.828145
          ],
          [
            34.972952,
            32.828247
          ],
          [
            34.972884,
            32.828326
          ],
          [
            34.972868,
            32.82836
          ],
          [
            34.972815,
            32.82846
          ],
          [
            34.972814,
            32.828475
          ],
          [
            34.97281,
            32.828491
          ],
          [
            34.972804,
            32.828506
          ],
          [
            34.972795,
            32.82852
          ],
          [
            34.972785,
            32.828532
          ],
          [
            34.972778,
            32.828539
          ],
          [
            34.972764,
            32.828551
          ],
          [
            34.972749,
            32.828561
          ],
          [
            34.972732,
            32.828569
          ],
          [
            34.972713,
            32.828576
          ],
          [
            34.972694,
            32.828581
          ],
          [
            34.972674,
            32.828584
          ],
          [
            34.972653,
            32.828585
          ],
          [
            34.972633,
            32.828585
          ],
          [
            34.972613,
            32.828582
          ],
          [
            34.972603,
            32.82858
          ],
          [
            34.972584,
            32.828574
          ],
          [
            34.972575,
            32.828571
          ],
          [
            34.972566,
            32.828567
          ],
          [
            34.972546,
            32.828556
          ],
          [
            34.972453,
            32.828589
          ],
          [
            34.972318,
            32.828643
          ],
          [
            34.972208,
            32.828706
          ],
          [
            34.971994,
            32.828862
          ],
          [
            34.971539,
            32.829176
          ],
          [
            34.970975,
            32.829587
          ],
          [
            34.970591,
            32.829862
          ],
          [
            34.970528,
            32.829913
          ],
          [
            34.970271,
            32.830124
          ],
          [
            34.970183,
            32.830207
          ],
          [
            34.970062,
            32.830344
          ],
          [
            34.970024,
            32.830391
          ],
          [
            34.969946,
            32.830499
          ],
          [
            34.969873,
            32.830622
          ],
          [
            34.969785,
            32.830612
          ],
          [
            34.969237,
            32.83062
          ],
          [
            34.968242,
            32.830639
          ],
          [
            34.967844,
            32.830643
          ],
          [
            34.967403,
            32.830604
          ],
          [
            34.967251,
            32.830587
          ],
          [
            34.967056,
            32.830554
          ],
          [
            34.966812,
            32.830493
          ],
          [
            34.966394,
            32.830424
          ],
          [
            34.965839,
            32.830292
          ],
          [
            34.965286,
            32.830129
          ],
          [
            34.964724,
            32.829923
          ],
          [
            34.964113,
            32.829621
          ],
          [
            34.963847,
            32.829446
          ],
          [
            34.963506,
            32.829228
          ],
          [
            34.963196,
            32.82901
          ],
          [
            34.962713,
            32.8286
          ],
          [
            34.961979,
            32.827981
          ],
          [
            34.960637,
            32.826852
          ],
          [
            34.960418,
            32.826668
          ],
          [
            34.960244,
            32.826522
          ],
          [
            34.96008,
            32.826383
          ],
          [
            34.959722,
            32.826083
          ],
          [
            34.958811,
            32.825336
          ],
          [
            34.958373,
            32.824988
          ],
          [
            34.957571,
            32.824184
          ],
          [
            34.957234,
            32.82374
          ],
          [
            34.957064,
            32.823444
          ],
          [
            34.956952,
            32.823249
          ],
          [
            34.956834,
            32.823018
          ],
          [
            34.956616,
            32.822419
          ],
          [
            34.956452,
            32.821938
          ],
          [
            34.956591,
            32.821895
          ],
          [
            34.956642,
            32.82188
          ],
          [
            34.956764,
            32.821846
          ],
          [
            34.956858,
            32.821815
          ],
          [
            34.956911,
            32.821792
          ],
          [
            34.956958,
            32.821768
          ],
          [
            34.95698,
            32.821757
          ],
          [
            34.957024,
            32.82172
          ],
          [
            34.957052,
            32.821682
          ],
          [
            34.957107,
            32.821612
          ],
          [
            34.957121,
            32.821594
          ],
          [
            34.957181,
            32.8215
          ],
          [
            34.957183,
            32.821491
          ],
          [
            34.957532,
            32.82093
          ],
          [
            34.957703,
            32.82074
          ],
          [
            34.957929,
            32.820527
          ],
          [
            34.958159,
            32.82038
          ],
          [
            34.958311,
            32.82031
          ],
          [
            34.958399,
            32.820279
          ],
          [
            34.958509,
            32.820248
          ],
          [
            34.958615,
            32.820217
          ],
          [
            34.958714,
            32.820192
          ],
          [
            34.958716,
            32.820185
          ],
          [
            34.958735,
            32.820163
          ],
          [
            34.958732,
            32.820063
          ],
          [
            34.95869,
            32.819844
          ],
          [
            34.95865,
            32.819655
          ],
          [
            34.958612,
            32.819459
          ],
          [
            34.958594,
            32.819279
          ],
          [
            34.958578,
            32.818959
          ],
          [
            34.958578,
            32.818913
          ],
          [
            34.958598,
            32.818798
          ],
          [
            34.958632,
            32.818687
          ],
          [
            34.958716,
            32.818405
          ],
          [
            34.958803,
            32.818201
          ],
          [
            34.959013,
            32.817905
          ],
          [
            34.959164,
            32.817705
          ],
          [
            34.959249,
            32.817583
          ],
          [
            34.959315,
            32.817459
          ],
          [
            34.959314,
            32.817448
          ],
          [
            34.959316,
            32.817437
          ],
          [
            34.959319,
            32.817427
          ],
          [
            34.959323,
            32.817417
          ],
          [
            34.959329,
            32.817407
          ],
          [
            34.959337,
            32.817398
          ],
          [
            34.959345,
            32.81739
          ],
          [
            34.95936,
            32.81738
          ],
          [
            34.959459,
            32.81725
          ],
          [
            34.959564,
            32.817094
          ],
          [
            34.959694,
            32.816902
          ],
          [
            34.959813,
            32.816684
          ],
          [
            34.959819,
            32.81667
          ],
          [
            34.959889,
            32.81651
          ],
          [
            34.95996,
            32.816318
          ],
          [
            34.96,
            32.816161
          ],
          [
            34.960017,
            32.816054
          ],
          [
            34.960055,
            32.815791
          ],
          [
            34.960092,
            32.815598
          ],
          [
            34.960102,
            32.815541
          ],
          [
            34.960123,
            32.815443
          ],
          [
            34.960197,
            32.815119
          ],
          [
            34.960292,
            32.814765
          ],
          [
            34.96042,
            32.814407
          ],
          [
            34.960479,
            32.814239
          ],
          [
            34.96049,
            32.814147
          ],
          [
            34.960454,
            32.814062
          ],
          [
            34.960402,
            32.814005
          ],
          [
            34.960283,
            32.813906
          ],
          [
            34.959904,
            32.813798
          ],
          [
            34.959382,
            32.813635
          ],
          [
            34.959092,
            32.813546
          ],
          [
            34.957986,
            32.813204
          ],
          [
            34.957958,
            32.813197
          ],
          [
            34.958009,
            32.813109
          ],
          [
            34.958063,
            32.81301
          ],
          [
            34.95812,
            32.812914
          ],
          [
            34.958298,
            32.812328
          ],
          [
            34.958375,
            32.812092
          ],
          [
            34.958473,
            32.811797
          ],
          [
            34.958658,
            32.81124
          ],
          [
            34.958779,
            32.81086
          ],
          [
            34.958851,
            32.810639
          ],
          [
            34.958932,
            32.810395
          ],
          [
            34.959023,
            32.810092
          ],
          [
            34.95912,
            32.809803
          ],
          [
            34.959274,
            32.809335
          ],
          [
            34.959388,
            32.808979
          ],
          [
            34.959425,
            32.808861
          ],
          [
            34.959536,
            32.808508
          ],
          [
            34.959588,
            32.808342
          ],
          [
            34.959699,
            32.80803
          ],
          [
            34.959835,
            32.807631
          ],
          [
            34.959897,
            32.807447
          ],
          [
            34.959924,
            32.807369
          ],
          [
            34.95995,
            32.807293
          ],
          [
            34.960064,
            32.806956
          ],
          [
            34.96022,
            32.80658
          ],
          [
            34.96024,
            32.806515
          ],
          [
            34.960242,
            32.806422
          ],
          [
            34.96147,
            32.806697
          ],
          [
            34.961787,
            32.806758
          ],
          [
            34.962222,
            32.806846
          ],
          [
            34.962431,
            32.806892
          ],
          [
            34.962767,
            32.80697
          ],
          [
            34.962857,
            32.806989
          ],
          [
            34.96298,
            32.807008
          ],
          [
            34.963165,
            32.806566
          ],
          [
            34.963481,
            32.806165
          ],
          [
            34.963541,
            32.8061
          ],
          [
            34.963752,
            32.805929
          ],
          [
            34.963982,
            32.805762
          ],
          [
            34.964003,
            32.805749
          ],
          [
            34.964206,
            32.805624
          ],
          [
            34.96454,
            32.805422
          ],
          [
            34.964814,
            32.805209
          ],
          [
            34.965114,
            32.80494
          ],
          [
            34.965939,
            32.803862
          ],
          [
            34.96642,
            32.8032
          ],
          [
            34.966837,
            32.802645
          ],
          [
            34.966936,
            32.802499
          ],
          [
            34.967123,
            32.802161
          ],
          [
            34.967222,
            32.801965
          ],
          [
            34.967334,
            32.801651
          ],
          [
            34.967406,
            32.801264
          ],
          [
            34.967379,
            32.80079
          ],
          [
            34.967364,
            32.800509
          ],
          [
            34.967351,
            32.80044
          ],
          [
            34.967334,
            32.800317
          ],
          [
            34.967313,
            32.800094
          ],
          [
            34.967297,
            32.799989
          ],
          [
            34.96717,
            32.799159
          ],
          [
            34.9671,
            32.798654
          ],
          [
            34.967087,
            32.798558
          ],
          [
            34.967042,
            32.798199
          ],
          [
            34.966992,
            32.798054
          ],
          [
            34.966895,
            32.797897
          ],
          [
            34.966884,
            32.797891
          ],
          [
            34.966874,
            32.797885
          ],
          [
            34.966865,
            32.797878
          ],
          [
            34.966858,
            32.79787
          ],
          [
            34.966849,
            32.797856
          ],
          [
            34.966845,
            32.797847
          ],
          [
            34.966842,
            32.797837
          ],
          [
            34.966841,
            32.797827
          ],
          [
            34.966842,
            32.797816
          ],
          [
            34.966845,
            32.797801
          ],
          [
            34.966852,
            32.797787
          ],
          [
            34.966858,
            32.797778
          ],
          [
            34.966866,
            32.79777
          ],
          [
            34.966879,
            32.79776
          ],
          [
            34.966895,
            32.797752
          ],
          [
            34.966906,
            32.797748
          ],
          [
            34.966918,
            32.797745
          ],
          [
            34.96693,
            32.797743
          ],
          [
            34.966943,
            32.797742
          ],
          [
            34.966961,
            32.797744
          ],
          [
            34.967008,
            32.797571
          ],
          [
            34.967034,
            32.797437
          ],
          [
            34.96706,
            32.797275
          ],
          [
            34.967069,
            32.797114
          ],
          [
            34.967069,
            32.796923
          ],
          [
            34.967017,
            32.796583
          ],
          [
            34.967009,
            32.796582
          ],
          [
            34.967,
            32.79658
          ],
          [
            34.966987,
            32.796576
          ],
          [
            34.966976,
            32.796569
          ],
          [
            34.966966,
            32.796561
          ],
          [
            34.96696,
            32.796555
          ],
          [
            34.966956,
            32.796549
          ],
          [
            34.966951,
            32.796538
          ],
          [
            34.966948,
            32.796527
          ],
          [
            34.966948,
            32.796515
          ],
          [
            34.966951,
            32.796504
          ],
          [
            34.966956,
            32.796493
          ],
          [
            34.966963,
            32.796483
          ],
          [
            34.966973,
            32.796475
          ],
          [
            34.966984,
            32.796468
          ],
          [
            34.966996,
            32.796463
          ],
          [
            34.967009,
            32.79646
          ],
          [
            34.967018,
            32.796459
          ],
          [
            34.967027,
            32.796459
          ],
          [
            34.967124,
            32.794426
          ],
          [
            34.967106,
            32.794424
          ],
          [
            34.967092,
            32.794421
          ],
          [
            34.967077,
            32.794417
          ],
          [
            34.967058,
            32.794408
          ],
          [
            34.967041,
            32.794395
          ],
          [
            34.967031,
            32.794386
          ],
          [
            34.967023,
            32.794375
          ],
          [
            34.967014,
            32.794359
          ],
          [
            34.966629,
            32.794362
          ],
          [
            34.966048,
            32.794371
          ],
          [
            34.965944,
            32.794373
          ],
          [
            34.965212,
            32.794354
          ],
          [
            34.964752,
            32.794358
          ],
          [
            34.964523,
            32.794352
          ],
          [
            34.964414,
            32.794351
          ],
          [
            34.964354,
            32.794333
          ],
          [
            34.964347,
            32.794348
          ],
          [
            34.964341,
            32.794357
          ],
          [
            34.964333,
            32.794366
          ],
          [
            34.964324,
            32.794374
          ],
          [
            34.964314,
            32.794382
          ],
          [
            34.964303,
            32.794388
          ],
          [
            34.964291,
            32.794393
          ],
          [
            34.964275,
            32.794397
          ],
          [
            34.964266,
            32.794398
          ],
          [
            34.964253,
            32.794399
          ],
          [
            34.964233,
            32.794398
          ],
          [
            34.96422,
            32.794395
          ],
          [
            34.964208,
            32.794391
          ],
          [
            34.964191,
            32.794383
          ],
          [
            34.96418,
            32.794376
          ],
          [
            34.964171,
            32.794368
          ],
          [
            34.96416,
            32.794355
          ],
          [
            34.964151,
            32.794339
          ],
          [
            34.964148,
            32.794329
          ],
          [
            34.964146,
            32.794321
          ],
          [
            34.964146,
            32.794307
          ],
          [
            34.964148,
            32.79429
          ],
          [
            34.964154,
            32.794274
          ],
          [
            34.964164,
            32.79426
          ],
          [
            34.964176,
            32.794247
          ],
          [
            34.964191,
            32.794236
          ],
          [
            34.964208,
            32.794228
          ],
          [
            34.964228,
            32.794222
          ],
          [
            34.964225,
            32.794166
          ],
          [
            34.964226,
            32.794086
          ],
          [
            34.964248,
            32.793707
          ],
          [
            34.964277,
            32.793381
          ],
          [
            34.964269,
            32.793166
          ],
          [
            34.964291,
            32.792752
          ],
          [
            34.964302,
            32.792634
          ],
          [
            34.96431,
            32.792599
          ],
          [
            34.964318,
            32.792448
          ],
          [
            34.964327,
            32.792374
          ],
          [
            34.964354,
            32.792155
          ],
          [
            34.964358,
            32.792093
          ],
          [
            34.964392,
            32.791596
          ],
          [
            34.964401,
            32.791461
          ],
          [
            34.964433,
            32.791183
          ],
          [
            34.964452,
            32.790655
          ],
          [
            34.964421,
            32.790554
          ],
          [
            34.964383,
            32.790504
          ],
          [
            34.964314,
            32.790456
          ],
          [
            34.964173,
            32.790397
          ],
          [
            34.963185,
            32.790383
          ],
          [
            34.963063,
            32.790373
          ],
          [
            34.962273,
            32.790356
          ],
          [
            34.962185,
            32.790362
          ],
          [
            34.962103,
            32.790363
          ],
          [
            34.961669,
            32.790356
          ],
          [
            34.961396,
            32.790343
          ],
          [
            34.961088,
            32.790327
          ],
          [
            34.960794,
            32.790305
          ],
          [
            34.960338,
            32.790255
          ],
          [
            34.960274,
            32.790247
          ],
          [
            34.960217,
            32.790243
          ],
          [
            34.959932,
            32.790209
          ],
          [
            34.95965,
            32.790188
          ],
          [
            34.959394,
            32.790181
          ],
          [
            34.959271,
            32.790183
          ],
          [
            34.959179,
            32.790197
          ],
          [
            34.959085,
            32.790224
          ],
          [
            34.959005,
            32.790258
          ],
          [
            34.958928,
            32.790299
          ],
          [
            34.958874,
            32.790345
          ],
          [
            34.95882,
            32.790399
          ],
          [
            34.958821,
            32.790406
          ],
          [
            34.958822,
            32.79042
          ],
          [
            34.95882,
            32.790439
          ],
          [
            34.958816,
            32.790452
          ],
          [
            34.95881,
            32.790465
          ],
          [
            34.958798,
            32.790482
          ],
          [
            34.958783,
            32.790497
          ],
          [
            34.958764,
            32.790509
          ],
          [
            34.958743,
            32.790518
          ],
          [
            34.958729,
            32.790523
          ],
          [
            34.958717,
            32.790525
          ],
          [
            34.958676,
            32.790691
          ],
          [
            34.958583,
            32.791034
          ],
          [
            34.958551,
            32.791147
          ],
          [
            34.9585,
            32.791279
          ],
          [
            34.958441,
            32.791394
          ],
          [
            34.958366,
            32.791488
          ],
          [
            34.958188,
            32.791677
          ],
          [
            34.95813,
            32.791728
          ],
          [
            34.958065,
            32.79179
          ],
          [
            34.957999,
            32.791836
          ],
          [
            34.95792,
            32.791913
          ],
          [
            34.957881,
            32.791961
          ],
          [
            34.957831,
            32.792024
          ],
          [
            34.957783,
            32.792098
          ],
          [
            34.957737,
            32.792185
          ],
          [
            34.957721,
            32.792231
          ],
          [
            34.957707,
            32.792282
          ],
          [
            34.957701,
            32.792308
          ],
          [
            34.957687,
            32.792386
          ],
          [
            34.95768,
            32.792433
          ],
          [
            34.957683,
            32.792558
          ],
          [
            34.957723,
            32.792638
          ],
          [
            34.957743,
            32.79267
          ],
          [
            34.957763,
            32.792695
          ],
          [
            34.957802,
            32.792736
          ],
          [
            34.957842,
            32.792766
          ],
          [
            34.957879,
            32.792788
          ],
          [
            34.95792,
            32.792805
          ],
          [
            34.957965,
            32.792813
          ],
          [
            34.958019,
            32.792819
          ],
          [
            34.958096,
            32.792817
          ],
          [
            34.958198,
            32.792808
          ],
          [
            34.958668,
            32.792745
          ],
          [
            34.958816,
            32.792743
          ],
          [
            34.958936,
            32.792752
          ],
          [
            34.958996,
            32.792763
          ],
          [
            34.959026,
            32.792768
          ],
          [
            34.959115,
            32.792788
          ],
          [
            34.959214,
            32.792815
          ],
          [
            34.959336,
            32.792864
          ],
          [
            34.959465,
            32.792924
          ],
          [
            34.959578,
            32.79298
          ],
          [
            34.959664,
            32.793026
          ],
          [
            34.959738,
            32.793094
          ],
          [
            34.959762,
            32.79312
          ],
          [
            34.959784,
            32.79315
          ],
          [
            34.959798,
            32.793181
          ],
          [
            34.959801,
            32.793196
          ],
          [
            34.959805,
            32.793213
          ],
          [
            34.959804,
            32.79324
          ],
          [
            34.959793,
            32.793265
          ],
          [
            34.959774,
            32.793286
          ],
          [
            34.959742,
            32.793305
          ],
          [
            34.959702,
            32.793323
          ],
          [
            34.959587,
            32.793323
          ]
        ]
      }
    },
    {
      "type": "Feature",
      "properties": {
        "type": "original_route_stop",
        "stop_code": "42283",
        "stop_name": "השיטה/מגרשי טניס",
        "marker-color": "#2ca02c",
        "marker-symbol": "bus",
        "marker-size": "medium"
      },
      "geometry": {
        "type": "Point",
        "coordinates": [
          35.039407,
          32.766176
        ]
      }
    },
    {
      "type": "Feature",
      "properties": {
        "type": "original_route_stop",
        "stop_code": "42254",
        "stop_name": "השיטה/הרדוף",
        "marker-color": "#2ca02c",
        "marker-symbol": "bus",
        "marker-size": "medium"
      },
      "geometry": {
        "type": "Point",
        "coordinates": [
          35.038698,
          32.767604
        ]
      }
    },
    {
      "type": "Feature",
      "properties": {
        "type": "original_route_stop",
        "stop_code": "42300",
        "stop_name": "התמר/השושנים",
        "marker-color": "#2ca02c",
        "marker-symbol": "bus",
        "marker-size": "medium"
      },
      "geometry": {
        "type": "Point",
        "coordinates": [
          35.034805,
          32.769298
        ]
      }
    },
    {
      "type": "Feature",
      "properties": {
        "type": "original_route_stop",
        "stop_code": "42301",
        "stop_name": "התמר",
        "marker-color": "#2ca02c",
        "marker-symbol": "bus",
        "marker-size": "medium"
      },
      "geometry": {
        "type": "Point",
        "coordinates": [
          35.033166,
          32.770023
        ]
      }
    },
    {
      "type": "Feature",
      "properties": {
        "type": "original_route_stop",
        "stop_code": "47548",
        "stop_name": "התמר/הסחלב",
        "marker-color": "#2ca02c",
        "marker-symbol": "bus",
        "marker-size": "medium"
      },
      "geometry": {
        "type": "Point",
        "coordinates": [
          35.030771,
          32.770892
        ]
      }
    },
    {
      "type": "Feature",
      "properties": {
        "type": "original_route_stop",
        "stop_code": "47389",
        "stop_name": "התמר/האלון",
        "marker-color": "#2ca02c",
        "marker-symbol": "bus",
        "marker-size": "medium"
      },
      "geometry": {
        "type": "Point",
        "coordinates": [
          35.028034,
          32.770585
        ]
      }
    },
    {
      "type": "Feature",
      "properties": {
        "type": "original_route_stop",
        "stop_code": "42674",
        "stop_name": "האשל/הערבה",
        "marker-color": "#2ca02c",
        "marker-symbol": "bus",
        "marker-size": "medium"
      },
      "geometry": {
        "type": "Point",
        "coordinates": [
          35.028264,
          32.769802
        ]
      }
    },
    {
      "type": "Feature",
      "properties": {
        "type": "original_route_stop",
        "stop_code": "42302",
        "stop_name": "החרוב/התפוז",
        "marker-color": "#2ca02c",
        "marker-symbol": "bus",
        "marker-size": "medium"
      },
      "geometry": {
        "type": "Point",
        "coordinates": [
          35.030896,
          32.768914
        ]
      }
    },
    {
      "type": "Feature",
      "properties": {
        "type": "original_route_stop",
        "stop_code": "43400",
        "stop_name": "פארק קק''ל/החרוב",
        "marker-color": "#2ca02c",
        "marker-symbol": "bus",
        "marker-size": "medium"
      },
      "geometry": {
        "type": "Point",
        "coordinates": [
          35.034323,
          32.767116
        ]
      }
    },
    {
      "type": "Feature",
      "properties": {
        "type": "original_route_stop",
        "stop_code": "43401",
        "stop_name": "החרוב/דרך אורי",
        "marker-color": "#2ca02c",
        "marker-symbol": "bus",
        "marker-size": "medium"
      },
      "geometry": {
        "type": "Point",
        "coordinates": [
          35.037642,
          32.766112
        ]
      }
    },
    {
      "type": "Feature",
      "properties": {
        "type": "original_route_stop",
        "stop_code": "42303",
        "stop_name": "החרוב/השיטה",
        "marker-color": "#2ca02c",
        "marker-symbol": "bus",
        "marker-size": "medium"
      },
      "geometry": {
        "type": "Point",
        "coordinates": [
          35.039705,
          32.765273
        ]
      }
    },
    {
      "type": "Feature",
      "properties": {
        "type": "original_route_stop",
        "stop_code": "42246",
        "stop_name": "החרוב/הלילך",
        "marker-color": "#2ca02c",
        "marker-symbol": "bus",
        "marker-size": "medium"
      },
      "geometry": {
        "type": "Point",
        "coordinates": [
          35.042816,
          32.76557
        ]
      }
    },
    {
      "type": "Feature",
      "properties": {
        "type": "original_route_stop",
        "stop_code": "42425",
        "stop_name": "הזית/השזיף",
        "marker-color": "#2ca02c",
        "marker-symbol": "bus",
        "marker-size": "medium"
      },
      "geometry": {
        "type": "Point",
        "coordinates": [
          35.041277,
          32.769141
        ]
      }
    },
    {
      "type": "Feature",
      "properties": {
        "type": "original_route_stop",
        "stop_code": "42025",
        "stop_name": "הזית/היסמין",
        "marker-color": "#2ca02c",
        "marker-symbol": "bus",
        "marker-size": "medium"
      },
      "geometry": {
        "type": "Point",
        "coordinates": [
          35.039662,
          32.77186
        ]
      }
    },
    {
      "type": "Feature",
      "properties": {
        "type": "original_route_stop",
        "stop_code": "42026",
        "stop_name": "הזית/צה''ל",
        "marker-color": "#2ca02c",
        "marker-symbol": "bus",
        "marker-size": "medium"
      },
      "geometry": {
        "type": "Point",
        "coordinates": [
          35.03821,
          32.773138
        ]
      }
    },
    {
      "type": "Feature",
      "properties": {
        "type": "original_route_stop",
        "stop_code": "41831",
        "stop_name": "צה''ל/ציון",
        "marker-color": "#2ca02c",
        "marker-symbol": "bus",
        "marker-size": "medium"
      },
      "geometry": {
        "type": "Point",
        "coordinates": [
          35.035677,
          32.772392
        ]
      }
    },
    {
      "type": "Feature",
      "properties": {
        "type": "original_route_stop",
        "stop_code": "47256",
        "stop_name": "צהל/חבצלת",
        "marker-color": "#2ca02c",
        "marker-symbol": "bus",
        "marker-size": "medium"
      },
      "geometry": {
        "type": "Point",
        "coordinates": [
          35.031684,
          32.773311
        ]
      }
    },
    {
      "type": "Feature",
      "properties": {
        "type": "original_route_stop",
        "stop_code": "43623",
        "stop_name": "לוחמי חרות ישראל/דרך הטכניון",
        "marker-color": "#2ca02c",
        "marker-symbol": "bus",
        "marker-size": "medium"
      },
      "geometry": {
        "type": "Point",
        "coordinates": [
          35.030086,
          32.777567
        ]
      }
    },
    {
      "type": "Feature",
      "properties": {
        "type": "original_route_stop",
        "stop_code": "47883",
        "stop_name": "החשמל/גדוד 21",
        "marker-color": "#2ca02c",
        "marker-symbol": "bus",
        "marker-size": "medium"
      },
      "geometry": {
        "type": "Point",
        "coordinates": [
          35.020975,
          32.795252
        ]
      }
    },
    {
      "type": "Feature",
      "properties": {
        "type": "original_route_stop",
        "stop_code": "47884",
        "stop_name": "החשמל/גשר פז",
        "marker-color": "#2ca02c",
        "marker-symbol": "bus",
        "marker-size": "medium"
      },
      "geometry": {
        "type": "Point",
        "coordinates": [
          35.01921,
          32.796747
        ]
      }
    },
    {
      "type": "Feature",
      "properties": {
        "type": "original_route_stop",
        "stop_code": "42983",
        "stop_name": "החשמל/חטיבת כרמלי",
        "marker-color": "#2ca02c",
        "marker-symbol": "bus",
        "marker-size": "medium"
      },
      "geometry": {
        "type": "Point",
        "coordinates": [
          35.01694,
          32.797915
        ]
      }
    },
    {
      "type": "Feature",
      "properties": {
        "type": "original_route_stop",
        "stop_code": "47179",
        "stop_name": "החשמל/מעלות דב גרונר",
        "marker-color": "#2ca02c",
        "marker-symbol": "bus",
        "marker-size": "medium"
      },
      "geometry": {
        "type": "Point",
        "coordinates": [
          35.015087,
          32.79895
        ]
      }
    },
    {
      "type": "Feature",
      "properties": {
        "type": "original_route_stop",
        "stop_code": "47437",
        "stop_name": "החשמל/הגיבורים",
        "marker-color": "#2ca02c",
        "marker-symbol": "bus",
        "marker-size": "medium"
      },
      "geometry": {
        "type": "Point",
        "coordinates": [
          35.013671,
          32.799975
        ]
      }
    },
    {
      "type": "Feature",
      "properties": {
        "type": "original_route_stop",
        "stop_code": "43115",
        "stop_name": "חליסה",
        "marker-color": "#2ca02c",
        "marker-symbol": "bus",
        "marker-size": "medium"
      },
      "geometry": {
        "type": "Point",
        "coordinates": [
          35.008786,
          32.803026
        ]
      }
    },
    {
      "type": "Feature",
      "properties": {
        "type": "original_route_stop",
        "stop_code": "47222",
        "stop_name": "בית התעשייה",
        "marker-color": "#2ca02c",
        "marker-symbol": "bus",
        "marker-size": "medium"
      },
      "geometry": {
        "type": "Point",
        "coordinates": [
          35.003338,
          32.804861
        ]
      }
    },
    {
      "type": "Feature",
      "properties": {
        "type": "original_route_stop",
        "stop_code": "47529",
        "stop_name": "שוק תלפיות",
        "marker-color": "#2ca02c",
        "marker-symbol": "bus",
        "marker-size": "medium"
      },
      "geometry": {
        "type": "Point",
        "coordinates": [
          35.000902,
          32.807824
        ]
      }
    },
    {
      "type": "Feature",
      "properties": {
        "type": "original_route_stop",
        "stop_code": "47530",
        "stop_name": "לב הדר",
        "marker-color": "#2ca02c",
        "marker-symbol": "bus",
        "marker-size": "medium"
      },
      "geometry": {
        "type": "Point",
        "coordinates": [
          34.998949,
          32.809682
        ]
      }
    },
    {
      "type": "Feature",
      "properties": {
        "type": "original_route_stop",
        "stop_code": "43090",
        "stop_name": "עיריית חיפה/ביאליק",
        "marker-color": "#2ca02c",
        "marker-symbol": "bus",
        "marker-size": "medium"
      },
      "geometry": {
        "type": "Point",
        "coordinates": [
          34.999105,
          32.812012
        ]
      }
    },
    {
      "type": "Feature",
      "properties": {
        "type": "original_route_stop",
        "stop_code": "41284",
        "stop_name": "מעלה השחרור/שיבת ציון",
        "marker-color": "#2ca02c",
        "marker-symbol": "bus",
        "marker-size": "medium"
      },
      "geometry": {
        "type": "Point",
        "coordinates": [
          35.000982,
          32.813099
        ]
      }
    },
    {
      "type": "Feature",
      "properties": {
        "type": "original_route_stop",
        "stop_code": "41287",
        "stop_name": "שיבת ציון/רובין",
        "marker-color": "#2ca02c",
        "marker-symbol": "bus",
        "marker-size": "medium"
      },
      "geometry": {
        "type": "Point",
        "coordinates": [
          34.999444,
          32.816076
        ]
      }
    },
    {
      "type": "Feature",
      "properties": {
        "type": "original_route_stop",
        "stop_code": "41170",
        "stop_name": "המגינים/ככר ההגנה",
        "marker-color": "#2ca02c",
        "marker-symbol": "bus",
        "marker-size": "medium"
      },
      "geometry": {
        "type": "Point",
        "coordinates": [
          34.997684,
          32.818597
        ]
      }
    },
    {
      "type": "Feature",
      "properties": {
        "type": "original_route_stop",
        "stop_code": "41697",
        "stop_name": "המגינים/עין דור",
        "marker-color": "#2ca02c",
        "marker-symbol": "bus",
        "marker-size": "medium"
      },
      "geometry": {
        "type": "Point",
        "coordinates": [
          34.994304,
          32.820133
        ]
      }
    },
    {
      "type": "Feature",
      "properties": {
        "type": "original_route_stop",
        "stop_code": "41168",
        "stop_name": "המגינים/מאיר",
        "marker-color": "#2ca02c",
        "marker-symbol": "bus",
        "marker-size": "medium"
      },
      "geometry": {
        "type": "Point",
        "coordinates": [
          34.992937,
          32.820728
        ]
      }
    },
    {
      "type": "Feature",
      "properties": {
        "type": "original_route_stop",
        "stop_code": "41167",
        "stop_name": "בן גוריון/המגינים",
        "marker-color": "#2ca02c",
        "marker-symbol": "bus",
        "marker-size": "medium"
      },
      "geometry": {
        "type": "Point",
        "coordinates": [
          34.990958,
          32.820902
        ]
      }
    },
    {
      "type": "Feature",
      "properties": {
        "type": "original_route_stop",
        "stop_code": "41572",
        "stop_name": "אלנבי/בן גוריון",
        "marker-color": "#2ca02c",
        "marker-symbol": "bus",
        "marker-size": "medium"
      },
      "geometry": {
        "type": "Point",
        "coordinates": [
          34.988102,
          32.818972
        ]
      }
    },
    {
      "type": "Feature",
      "properties": {
        "type": "original_route_stop",
        "stop_code": "41573",
        "stop_name": "אלנבי/רוטשילד",
        "marker-color": "#2ca02c",
        "marker-symbol": "bus",
        "marker-size": "medium"
      },
      "geometry": {
        "type": "Point",
        "coordinates": [
          34.984439,
          32.819972
        ]
      }
    },
    {
      "type": "Feature",
      "properties": {
        "type": "original_route_stop",
        "stop_code": "41119",
        "stop_name": "אלנבי/דרור",
        "marker-color": "#2ca02c",
        "marker-symbol": "bus",
        "marker-size": "medium"
      },
      "geometry": {
        "type": "Point",
        "coordinates": [
          34.981964,
          32.821364
        ]
      }
    },
    {
      "type": "Feature",
      "properties": {
        "type": "original_route_stop",
        "stop_code": "41120",
        "stop_name": "אלנבי א",
        "marker-color": "#2ca02c",
        "marker-symbol": "bus",
        "marker-size": "medium"
      },
      "geometry": {
        "type": "Point",
        "coordinates": [
          34.979957,
          32.823483
        ]
      }
    },
    {
      "type": "Feature",
      "properties": {
        "type": "original_route_stop",
        "stop_code": "41121",
        "stop_name": "אלנבי ב",
        "marker-color": "#2ca02c",
        "marker-symbol": "bus",
        "marker-size": "medium"
      },
      "geometry": {
        "type": "Point",
        "coordinates": [
          34.977935,
          32.825507
        ]
      }
    },
    {
      "type": "Feature",
      "properties": {
        "type": "original_route_stop",
        "stop_code": "41122",
        "stop_name": "אלנבי ג",
        "marker-color": "#2ca02c",
        "marker-symbol": "bus",
        "marker-size": "medium"
      },
      "geometry": {
        "type": "Point",
        "coordinates": [
          34.975622,
          32.827033
        ]
      }
    },
    {
      "type": "Feature",
      "properties": {
        "type": "original_route_stop",
        "stop_code": "42606",
        "stop_name": "דרך אלנבי/סלבדור",
        "marker-color": "#2ca02c",
        "marker-symbol": "bus",
        "marker-size": "medium"
      },
      "geometry": {
        "type": "Point",
        "coordinates": [
          34.973823,
          32.827787
        ]
      }
    },
    {
      "type": "Feature",
      "properties": {
        "type": "original_route_stop",
        "stop_code": "43139",
        "stop_name": "המוזיאון הימי/דרך אלנבי",
        "marker-color": "#2ca02c",
        "marker-symbol": "bus",
        "marker-size": "medium"
      },
      "geometry": {
        "type": "Point",
        "coordinates": [
          34.971897,
          32.828987
        ]
      }
    },
    {
      "type": "Feature",
      "properties": {
        "type": "original_route_stop",
        "stop_code": "41045",
        "stop_name": "אנקווה/בר רב האי",
        "marker-color": "#2ca02c",
        "marker-symbol": "bus",
        "marker-size": "medium"
      },
      "geometry": {
        "type": "Point",
        "coordinates": [
          34.959509,
          32.817085
        ]
      }
    },
    {
      "type": "Feature",
      "properties": {
        "type": "original_route_stop",
        "stop_code": "41046",
        "stop_name": "אנקואה/האצל",
        "marker-color": "#2ca02c",
        "marker-symbol": "bus",
        "marker-size": "medium"
      },
      "geometry": {
        "type": "Point",
        "coordinates": [
          34.960151,
          32.815088
        ]
      }
    },
    {
      "type": "Feature",
      "properties": {
        "type": "original_route_stop",
        "stop_code": "41026",
        "stop_name": "אצל/הרותם",
        "marker-color": "#2ca02c",
        "marker-symbol": "bus",
        "marker-size": "medium"
      },
      "geometry": {
        "type": "Point",
        "coordinates": [
          34.959153,
          32.813612
        ]
      }
    },
    {
      "type": "Feature",
      "properties": {
        "type": "original_route_stop",
        "stop_code": "41024",
        "stop_name": "המלך דוד/אצל",
        "marker-color": "#2ca02c",
        "marker-symbol": "bus",
        "marker-size": "medium"
      },
      "geometry": {
        "type": "Point",
        "coordinates": [
          34.958412,
          32.811814
        ]
      }
    },
    {
      "type": "Feature",
      "properties": {
        "type": "original_route_stop",
        "stop_code": "41848",
        "stop_name": "המלך דוד/המלך עוזיהו",
        "marker-color": "#2ca02c",
        "marker-symbol": "bus",
        "marker-size": "medium"
      },
      "geometry": {
        "type": "Point",
        "coordinates": [
          34.958979,
          32.810059
        ]
      }
    },
    {
      "type": "Feature",
      "properties": {
        "type": "original_route_stop",
        "stop_code": "41849",
        "stop_name": "המלך דוד/המלך אסא",
        "marker-color": "#2ca02c",
        "marker-symbol": "bus",
        "marker-size": "medium"
      },
      "geometry": {
        "type": "Point",
        "coordinates": [
          34.959255,
          32.809219
        ]
      }
    },
    {
      "type": "Feature",
      "properties": {
        "type": "original_route_stop",
        "stop_code": "43254",
        "stop_name": "המלך דוד/המלך חזקיהו",
        "marker-color": "#2ca02c",
        "marker-symbol": "bus",
        "marker-size": "medium"
      },
      "geometry": {
        "type": "Point",
        "coordinates": [
          34.959913,
          32.807239
        ]
      }
    },
    {
      "type": "Feature",
      "properties": {
        "type": "original_route_stop",
        "stop_code": "47973",
        "stop_name": "המלך שאול/המלך יהושפט",
        "marker-color": "#2ca02c",
        "marker-symbol": "bus",
        "marker-size": "medium"
      },
      "geometry": {
        "type": "Point",
        "coordinates": [
          34.960929,
          32.806529
        ]
      }
    },
    {
      "type": "Feature",
      "properties": {
        "type": "original_route_stop",
        "stop_code": "41837",
        "stop_name": "המלך שלמה/המלך שאול א",
        "marker-color": "#2ca02c",
        "marker-symbol": "bus",
        "marker-size": "medium"
      },
      "geometry": {
        "type": "Point",
        "coordinates": [
          34.963105,
          32.806574
        ]
      }
    },
    {
      "type": "Feature",
      "properties": {
        "type": "original_route_stop",
        "stop_code": "42152",
        "stop_name": "בית עלמין/שער אורן",
        "marker-color": "#2ca02c",
        "marker-symbol": "bus",
        "marker-size": "medium"
      },
      "geometry": {
        "type": "Point",
        "coordinates": [
          34.964784,
          32.80517
        ]
      }
    },
    {
      "type": "Feature",
      "properties": {
        "type": "original_route_stop",
        "stop_code": "41754",
        "stop_name": "בית עלמין/שער ברוש",
        "marker-color": "#2ca02c",
        "marker-symbol": "bus",
        "marker-size": "medium"
      },
      "geometry": {
        "type": "Point",
        "coordinates": [
          34.966698,
          32.802746
        ]
      }
    },
    {
      "type": "Feature",
      "properties": {
        "type": "original_route_stop",
        "stop_code": "47347",
        "stop_name": "בית עלמין/שער הדס",
        "marker-color": "#2ca02c",
        "marker-symbol": "bus",
        "marker-size": "medium"
      },
      "geometry": {
        "type": "Point",
        "coordinates": [
          34.967316,
          32.80061
        ]
      }
    },
    {
      "type": "Feature",
      "properties": {
        "type": "original_route_stop",
        "stop_code": "41755",
        "stop_name": "בית עלמין/שער תמר",
        "marker-color": "#2ca02c",
        "marker-symbol": "bus",
        "marker-size": "medium"
      },
      "geometry": {
        "type": "Point",
        "coordinates": [
          34.967039,
          32.798602
        ]
      }
    },
    {
      "type": "Feature",
      "properties": {
        "type": "original_route_stop",
        "stop_code": "47344",
        "stop_name": "מגורשי ספרד/מסילת ישרים",
        "marker-color": "#2ca02c",
        "marker-symbol": "bus",
        "marker-size": "medium"
      },
      "geometry": {
        "type": "Point",
        "coordinates": [
          34.966987,
          32.797392
        ]
      }
    },
    {
      "type": "Feature",
      "properties": {
        "type": "original_route_stop",
        "stop_code": "41997",
        "stop_name": "אכסנית הנוער/מגורשי ספרד",
        "marker-color": "#2ca02c",
        "marker-symbol": "bus",
        "marker-size": "medium"
      },
      "geometry": {
        "type": "Point",
        "coordinates": [
          34.967062,
          32.794642
        ]
      }
    },
    {
      "type": "Feature",
      "properties": {
        "type": "original_route_stop",
        "stop_code": "41998",
        "stop_name": "ספורטן/צביה ויצחק",
        "marker-color": "#2ca02c",
        "marker-symbol": "bus",
        "marker-size": "medium"
      },
      "geometry": {
        "type": "Point",
        "coordinates": [
          34.965531,
          32.794407
        ]
      }
    },
    {
      "type": "Feature",
      "properties": {
        "type": "original_route_stop",
        "stop_code": "42503",
        "stop_name": "מרכז הקונגרסים/קדושי יסי",
        "marker-color": "#2ca02c",
        "marker-symbol": "bus",
        "marker-size": "medium"
      },
      "geometry": {
        "type": "Point",
        "coordinates": [
          34.964341,
          32.791559
        ]
      }
    },
    {
      "type": "Feature",
      "properties": {
        "type": "original_route_stop",
        "stop_code": "42656",
        "stop_name": "מת''מ",
        "marker-color": "#2ca02c",
        "marker-symbol": "bus",
        "marker-size": "medium"
      },
      "geometry": {
        "type": "Point",
        "coordinates": [
          34.96134,
          32.790385
        ]
      }
    },
    {
      "type": "Feature",
      "properties": {
        "type": "original_route_stop",
        "stop_code": "42501",
        "stop_name": "סחרוב",
        "marker-color": "#2ca02c",
        "marker-symbol": "bus",
        "marker-size": "medium"
      },
      "geometry": {
        "type": "Point",
        "coordinates": [
          34.958675,
          32.790898
        ]
      }
    },
    {
      "type": "Feature",
      "properties": {
        "type": "original_route_stop",
        "stop_code": "42657",
        "stop_name": "ת. מרכזית חוף הכרמל/הורדה",
        "marker-color": "#2ca02c",
        "marker-symbol": "bus",
        "marker-size": "medium"
      },
      "geometry": {
        "type": "Point",
        "coordinates": [
          34.959587,
          32.793368
        ]
      }
    },
    {
      "type": "Feature",
      "properties": {
        "type": "cancelled_stop",
        "stop_code": "47496",
        "stop_name": "התורן",
        "marker-color": "#ff0000",
        "marker-symbol": "bus",
        "marker-size": "medium"
      },
      "geometry": {
        "type": "Point",
        "coordinates": [
          34.963264,
          32.829117
        ]
      }
    },
    {
      "type": "Feature",
      "properties": {
        "type": "cancelled_stop",
        "stop_code": "41758",
        "stop_name": "עין הים",
        "marker-color": "#ff0000",
        "marker-symbol": "bus",
        "marker-size": "medium"
      },
      "geometry": {
        "type": "Point",
        "coordinates": [
          34.960185,
          32.826537
        ]
      }
    },
    {
      "type": "Feature",
      "properties": {
        "type": "cancelled_stop",
        "stop_code": "41058",
        "stop_name": "דרך צרפת/יציאת אירופה",
        "marker-color": "#ff0000",
        "marker-symbol": "bus",
        "marker-size": "medium"
      },
      "geometry": {
        "type": "Point",
        "coordinates": [
          34.957969,
          32.820445
        ]
      }
    },
    {
      "type": "Feature",
      "properties": {
        "type": "new_stop",
        "stop_code": "41097",
        "stop_name": "העוגן/יאיר שטרן",
        "marker-color": "#1f9ed6",
        "marker-symbol": "bus",
        "marker-size": "medium"
      },
      "geometry": {
        "type": "Point",
        "coordinates": [
          34.963788,
          32.827859
        ]
      }
    },
    {
      "type": "Feature",
      "properties": {
        "type": "new_stop",
        "stop_code": "41098",
        "stop_name": "העוגן/ההגה",
        "marker-color": "#1f9ed6",
        "marker-symbol": "bus",
        "marker-size": "medium"
      },
      "geometry": {
        "type": "Point",
        "coordinates": [
          34.963456,
          32.826559
        ]
      }
    },
    {
      "type": "Feature",
      "properties": {
        "type": "new_stop",
        "stop_code": "42931",
        "stop_name": "פייר קניג/העוגן",
        "marker-color": "#1f9ed6",
        "marker-symbol": "bus",
        "marker-size": "medium"
      },
      "geometry": {
        "type": "Point",
        "coordinates": [
          34.962381,
          32.825571
        ]
      }
    },
    {
      "type": "Feature",
      "properties": {
        "type": "new_stop",
        "stop_code": "42630",
        "stop_name": "פייר קניג",
        "marker-color": "#1f9ed6",
        "marker-symbol": "bus",
        "marker-size": "medium"
      },
      "geometry": {
        "type": "Point",
        "coordinates": [
          34.960561,
          32.82437
        ]
      }
    },
    {
      "type": "Feature",
      "properties": {
        "type": "new_stop",
        "stop_code": "41734",
        "stop_name": "יציאת אירופה/זורס",
        "marker-color": "#1f9ed6",
        "marker-symbol": "bus",
        "marker-size": "medium"
      },
      "geometry": {
        "type": "Point",
        "coordinates": [
          34.959365,
          32.822868
        ]
      }
    },
    {
      "type": "Feature",
      "properties": {
        "type": "new_stop",
        "stop_code": "41062",
        "stop_name": "יציאת אירופה/דרך צרפת",
        "marker-color": "#1f9ed6",
        "marker-symbol": "bus",
        "marker-size": "medium"
      },
      "geometry": {
        "type": "Point",
        "coordinates": [
          34.95888,
          32.820758
        ]
      }
    },
    {
      "type": "Feature",
      "properties": {
        "type": "reported_block_stop",
        "stop_code": "41758",
        "stop_name": "עין הים",
        "marker-color": "#ff8800",
        "marker-symbol": "bus",
        "marker-size": "medium"
      },
      "geometry": {
        "type": "Point",
        "coordinates": [
          34.960185,
          32.826537
        ]
      }
    },
    {
      "type": "Feature",
      "properties": {
        "type": "reported_block_stop",
        "stop_code": "41058",
        "stop_name": "דרך צרפת/יציאת אירופה",
        "marker-color": "#ff8800",
        "marker-symbol": "bus",
        "marker-size": "medium"
      },
      "geometry": {
        "type": "Point",
        "coordinates": [
          34.957969,
          32.820445
        ]
      }
    },
    {
      "type": "Feature",
      "properties": {
        "type": "deviate_from_stop",
        "stop_code": "47410",
        "stop_name": "אלנבי",
        "marker-color": "#8000ff",
        "marker-symbol": "bus",
        "marker-size": "medium"
      },
      "geometry": {
        "type": "Point",
        "coordinates": [
          34.968449,
          32.83068
        ]
      }
    },
    {
      "type": "Feature",
      "properties": {
        "type": "deviate_to_stop",
        "stop_code": "41901",
        "stop_name": "אנקואה/בן צור",
        "marker-color": "#8000ff",
        "marker-symbol": "bus",
        "marker-size": "medium"
      },
      "geometry": {
        "type": "Point",
        "coordinates": [
          34.958659,
          32.81841
        ]
      }
    }
  ]
}