{
  "type": "FeatureCollection",
  "features": [
    {
      "type": "Feature",
      "properties": {
        "type": "deviation_path_edge",
        "from_stop_code": "41539",
        "to_stop_code": "42956",
        "stroke": "#00bcd4",
        "stroke-width": 3,
        "stroke-opacity": 0.95
      },
      "geometry": {
        "type": "LineString",
        "coordinates": [
          [
            34.99085039440902,
            32.821460009463394
          ],
          [
            34.991204,
            32.821317
          ],
          [
            34.991216,
            32.821303
          ],
          [
            34.991231,
            32.821289
          ],
          [
            34.991237,
            32.821286
          ],
          [
            34.991248,
            32.821279
          ],
          [
            34.991304,
            32.821263
          ],
          [
            34.991324,
            32.821263
          ],
          [
            34.991342,
            32.821268
          ],
          [
            34.991362,
            32.821274
          ],
          [
            34.991381,
            32.821284
          ],
          [
            34.991397,
            32.821296
          ],
          [
            34.991411,
            32.82131
          ],
          [
            34.991421,
            32.821326
          ],
          [
            34.991427,
            32.821344
          ],
          [
            34.991429,
            32.821362
          ],
          [
            34.991428,
            32.821374
          ],
          [
            34.991425,
            32.821386
          ],
          [
            34.991418,
            32.821416
          ],
          [
            34.99158,
            32.82166
          ],
          [
            34.991656,
            32.821785
          ],
          [
            34.991722,
            32.821882
          ],
          [
            34.991756,
            32.821931
          ],
          [
            34.991836,
            32.822053
          ],
          [
            34.99191,
            32.822193
          ],
          [
            34.991987,
            32.822325
          ],
          [
            34.99228,
            32.822794
          ],
          [
            34.992348,
            32.822878
          ],
          [
            34.992428,
            32.822929
          ],
          [
            34.99252,
            32.82301
          ],
          [
            34.992543,
            32.823053
          ],
          [
            34.992546,
            32.82307
          ],
          [
            34.992557,
            32.823142
          ],
          [
            34.992572,
            32.823193
          ],
          [
            34.992722,
            32.823439
          ],
          [
            34.992792485379056,
            32.82356661563366
          ]
        ]
      }
    },
    {
      "type": "Feature",
      "properties": {
        "type": "deviation_path_edge",
        "from_stop_code": "42956",
        "to_stop_code": "41540",
        "stroke": "#00bcd4",
        "stroke-width": 3,
        "stroke-opacity": 0.95
      },
      "geometry": {
        "type": "LineString",
        "coordinates": [
          [
            34.992792485379056,
            32.82356661563366
          ],
          [
            34.992817,
            32.823611
          ],
          [
            34.993043,
            32.823461
          ],
          [
            34.993823,
            32.822995
          ],
          [
            34.994325,
            32.822682
          ],
          [
            34.995246,
            32.822109
          ],
          [
            34.99593,
            32.82167
          ],
          [
            34.996023,
            32.82161
          ],
          [
            34.996225,
            32.821451
          ],
          [
            34.996439,
            32.821289
          ],
          [
            34.996706,
            32.82108
          ],
          [
            34.99687792783107,
            32.82095705445699
          ]
        ]
      }
    },
    {
      "type": "Feature",
      "properties": {
        "type": "deviation_path_edge",
        "from_stop_code": "41540",
        "to_stop_code": "42723",
        "stroke": "#00bcd4",
        "stroke-width": 3,
        "stroke-opacity": 0.95
      },
      "geometry": {
        "type": "LineString",
        "coordinates": [
          [
            34.99687792783107,
            32.82095705445699
          ],
          [
            34.997057,
            32.820829
          ],
          [
            34.997219,
            32.820689
          ],
          [
            34.997325,
            32.820594
          ],
          [
            34.997553,
            32.820419
          ],
          [
            34.997094,
            32.819994
          ],
          [
            34.996939,
            32.81985
          ],
          [
            34.996701,
            32.819619
          ],
          [
            34.996563,
            32.819465
          ],
          [
            34.996457,
            32.819298
          ],
          [
            34.996355,
            32.819173
          ],
          [
            34.996284,
            32.819089
          ],
          [
            34.996631,
            32.818932
          ],
          [
            34.996945,
            32.81879
          ],
          [
            34.997106,
            32.818708
          ],
          [
            34.997179,
            32.818667
          ],
          [
            34.997294,
            32.81855
          ],
          [
            34.997314,
            32.818529
          ],
          [
            34.997384,
            32.818465
          ],
          [
            34.997484,
            32.818396
          ],
          [
            34.99756,
            32.818352
          ],
          [
            34.997583,
            32.81834
          ],
          [
            34.9976363958109,
            32.818314182245274
          ]
        ]
      }
    },
    {
      "type": "Feature",
      "properties": {
        "type": "original_route_shape",
        "shape_id": "147820",
        "stroke": "#1f2a7a",
        "stroke-width": 3,
        "stroke-opacity": 0.85
      },
      "geometry": {
        "type": "LineString",
        "coordinates": [
          [
            34.963604264998864,
            32.817948024425746
          ],
          [
            34.963506,
            32.817954
          ],
          [
            34.963308,
            32.817969
          ],
          [
            34.962642,
            32.818002
          ],
          [
            34.962437,
            32.817933
          ],
          [
            34.962371,
            32.817912
          ],
          [
            34.961852,
            32.817757
          ],
          [
            34.961569,
            32.817664
          ],
          [
            34.961313,
            32.817591
          ],
          [
            34.96113,
            32.817538
          ],
          [
            34.961002,
            32.817499
          ],
          [
            34.960913,
            32.817472
          ],
          [
            34.960653,
            32.81742
          ],
          [
            34.960366,
            32.817466
          ],
          [
            34.960142,
            32.817536
          ],
          [
            34.960098,
            32.817812
          ],
          [
            34.960075,
            32.818055
          ],
          [
            34.960017,
            32.818211
          ],
          [
            34.959978,
            32.818367
          ],
          [
            34.959994,
            32.818409
          ],
          [
            34.96001,
            32.818482
          ],
          [
            34.960033,
            32.818532
          ],
          [
            34.960073,
            32.818594
          ],
          [
            34.96011,
            32.818642
          ],
          [
            34.960154,
            32.818688
          ],
          [
            34.960219,
            32.818734
          ],
          [
            34.960286,
            32.818767
          ],
          [
            34.960382,
            32.818796
          ],
          [
            34.960536,
            32.818828
          ],
          [
            34.960633,
            32.818843
          ],
          [
            34.960716,
            32.818848
          ],
          [
            34.960827,
            32.818845
          ],
          [
            34.961054,
            32.818836
          ],
          [
            34.961109,
            32.818842
          ],
          [
            34.961167,
            32.818847
          ],
          [
            34.961224,
            32.818856
          ],
          [
            34.961266,
            32.818925
          ],
          [
            34.961311,
            32.819043
          ],
          [
            34.961324,
            32.819143
          ],
          [
            34.961303,
            32.819243
          ],
          [
            34.96128,
            32.819297
          ],
          [
            34.961237,
            32.819355
          ],
          [
            34.961188,
            32.819403
          ],
          [
            34.961131,
            32.819449
          ],
          [
            34.961055,
            32.819513
          ],
          [
            34.960698,
            32.819758
          ],
          [
            34.960646,
            32.819813
          ],
          [
            34.960611,
            32.819866
          ],
          [
            34.960589,
            32.819915
          ],
          [
            34.960611,
            32.819915
          ],
          [
            34.960632,
            32.819918
          ],
          [
            34.960652,
            32.819925
          ],
          [
            34.96067,
            32.819934
          ],
          [
            34.960686,
            32.819946
          ],
          [
            34.9607,
            32.819961
          ],
          [
            34.960709,
            32.819977
          ],
          [
            34.960714,
            32.819991
          ],
          [
            34.960716,
            32.820001
          ],
          [
            34.960717,
            32.820013
          ],
          [
            34.960716,
            32.820025
          ],
          [
            34.960713,
            32.820037
          ],
          [
            34.960706,
            32.820054
          ],
          [
            34.960699,
            32.820065
          ],
          [
            34.960691,
            32.820075
          ],
          [
            34.960681,
            32.820083
          ],
          [
            34.96067,
            32.820091
          ],
          [
            34.960658,
            32.820098
          ],
          [
            34.960645,
            32.820103
          ],
          [
            34.960631,
            32.820107
          ],
          [
            34.960617,
            32.820109
          ],
          [
            34.960603,
            32.82011
          ],
          [
            34.960592,
            32.82011
          ],
          [
            34.960574,
            32.820108
          ],
          [
            34.960554,
            32.820102
          ],
          [
            34.960535,
            32.820093
          ],
          [
            34.960519,
            32.820081
          ],
          [
            34.960505,
            32.820067
          ],
          [
            34.960495,
            32.820051
          ],
          [
            34.960488,
            32.820033
          ],
          [
            34.960486,
            32.820018
          ],
          [
            34.960181,
            32.820057
          ],
          [
            34.959876,
            32.820097
          ],
          [
            34.95966,
            32.820126
          ],
          [
            34.959579,
            32.820135
          ],
          [
            34.959149,
            32.820187
          ],
          [
            34.958914,
            32.820215
          ],
          [
            34.958914,
            32.820242
          ],
          [
            34.958907,
            32.820263
          ],
          [
            34.958891,
            32.820287
          ],
          [
            34.958864,
            32.820303
          ],
          [
            34.958834,
            32.820314
          ],
          [
            34.959016,
            32.821124
          ],
          [
            34.959124,
            32.821605
          ],
          [
            34.959204,
            32.821962
          ],
          [
            34.959273,
            32.822267
          ],
          [
            34.959283,
            32.822311
          ],
          [
            34.959339,
            32.82254
          ],
          [
            34.959425,
            32.822892
          ],
          [
            34.95948,
            32.823154
          ],
          [
            34.959527,
            32.82335
          ],
          [
            34.959534,
            32.82338
          ],
          [
            34.959554,
            32.823501
          ],
          [
            34.959724,
            32.823688
          ],
          [
            34.959949,
            32.823891
          ],
          [
            34.960085,
            32.82399
          ],
          [
            34.960437,
            32.824226
          ],
          [
            34.960779,
            32.824462
          ],
          [
            34.960991,
            32.824636
          ],
          [
            34.961274,
            32.824824
          ],
          [
            34.961382,
            32.824892
          ],
          [
            34.961481,
            32.824936
          ],
          [
            34.961626,
            32.824987
          ],
          [
            34.961959,
            32.82505
          ],
          [
            34.962105,
            32.825085
          ],
          [
            34.96224,
            32.82513
          ],
          [
            34.96234,
            32.825195
          ],
          [
            34.962396,
            32.825233
          ],
          [
            34.962432,
            32.82528
          ],
          [
            34.962458,
            32.825326
          ],
          [
            34.962463,
            32.825334
          ],
          [
            34.962465,
            32.825386
          ],
          [
            34.962468,
            32.825424
          ],
          [
            34.962533,
            32.825723
          ],
          [
            34.962581,
            32.825832
          ],
          [
            34.962667,
            32.825889
          ],
          [
            34.962751,
            32.825934
          ],
          [
            34.962992,
            32.826063
          ],
          [
            34.963242,
            32.82622
          ],
          [
            34.963413,
            32.826405
          ],
          [
            34.963548,
            32.826604
          ],
          [
            34.963626,
            32.826798
          ],
          [
            34.963793,
            32.827313
          ],
          [
            34.963835,
            32.827654
          ],
          [
            34.963845,
            32.827975
          ],
          [
            34.963767,
            32.828573
          ],
          [
            34.963748,
            32.828744
          ],
          [
            34.963726,
            32.828875
          ],
          [
            34.96373,
            32.829062
          ],
          [
            34.963735,
            32.829095
          ],
          [
            34.96375,
            32.829133
          ],
          [
            34.963771,
            32.829165
          ],
          [
            34.963887,
            32.829311
          ],
          [
            34.964277,
            32.829564
          ],
          [
            34.964555,
            32.829713
          ],
          [
            34.964885,
            32.829871
          ],
          [
            34.965205,
            32.829989
          ],
          [
            34.965565,
            32.830108
          ],
          [
            34.96598,
            32.830218
          ],
          [
            34.966304,
            32.830281
          ],
          [
            34.966713,
            32.830349
          ],
          [
            34.967168,
            32.830405
          ],
          [
            34.967407,
            32.830417
          ],
          [
            34.967721,
            32.830432
          ],
          [
            34.96832,
            32.830431
          ],
          [
            34.969299,
            32.830408
          ],
          [
            34.969413,
            32.830404
          ],
          [
            34.969892,
            32.830394
          ],
          [
            34.970024,
            32.830391
          ],
          [
            34.97016,
            32.830391
          ],
          [
            34.970331,
            32.83039
          ],
          [
            34.970629,
            32.830387
          ],
          [
            34.970871,
            32.830385
          ],
          [
            34.973153,
            32.830349
          ],
          [
            34.973382,
            32.830347
          ],
          [
            34.97404,
            32.830339
          ],
          [
            34.974695,
            32.830289
          ],
          [
            34.974955,
            32.830258
          ],
          [
            34.975174,
            32.830227
          ],
          [
            34.976316,
            32.830096
          ],
          [
            34.976646,
            32.830053
          ],
          [
            34.976985,
            32.830011
          ],
          [
            34.977157,
            32.82998
          ],
          [
            34.977719,
            32.829855
          ],
          [
            34.977919,
            32.829801
          ],
          [
            34.978756,
            32.829587
          ],
          [
            34.978794,
            32.82955
          ],
          [
            34.978822,
            32.829514
          ],
          [
            34.978845,
            32.829465
          ],
          [
            34.978857,
            32.829427
          ],
          [
            34.978858,
            32.829399
          ],
          [
            34.978854,
            32.829361
          ],
          [
            34.978705,
            32.829194
          ],
          [
            34.978649,
            32.829132
          ],
          [
            34.97859,
            32.829064
          ],
          [
            34.978556,
            32.829027
          ],
          [
            34.978398,
            32.828816
          ],
          [
            34.978292,
            32.828594
          ],
          [
            34.978187,
            32.828312
          ],
          [
            34.977722,
            32.828503
          ],
          [
            34.977675,
            32.828522
          ],
          [
            34.977453,
            32.82862
          ],
          [
            34.977233,
            32.828718
          ],
          [
            34.977103,
            32.828783
          ],
          [
            34.976562,
            32.829041
          ],
          [
            34.976398,
            32.829119
          ],
          [
            34.975831,
            32.82939
          ],
          [
            34.975017,
            32.829593
          ],
          [
            34.974891,
            32.829651
          ],
          [
            34.9748,
            32.829656
          ],
          [
            34.974708,
            32.829523
          ],
          [
            34.974639,
            32.829426
          ],
          [
            34.974449,
            32.829067
          ],
          [
            34.974318,
            32.828848
          ],
          [
            34.974312,
            32.828756
          ],
          [
            34.974352,
            32.828669
          ],
          [
            34.97442,
            32.828609
          ],
          [
            34.974874,
            32.828316
          ],
          [
            34.974912,
            32.828301
          ],
          [
            34.975453,
            32.828018
          ],
          [
            34.976036,
            32.827762
          ],
          [
            34.976058,
            32.827751
          ],
          [
            34.976936,
            32.827495
          ],
          [
            34.976972,
            32.827484
          ],
          [
            34.977276,
            32.827405
          ],
          [
            34.977746,
            32.827298
          ],
          [
            34.977845,
            32.827295
          ],
          [
            34.977908,
            32.827309
          ],
          [
            34.977941,
            32.827245
          ],
          [
            34.978021,
            32.82718
          ],
          [
            34.978149,
            32.827115
          ],
          [
            34.978287,
            32.827043
          ],
          [
            34.978414,
            32.826985
          ],
          [
            34.978678,
            32.826871
          ],
          [
            34.978856,
            32.826784
          ],
          [
            34.978921,
            32.826758
          ],
          [
            34.97938,
            32.826573
          ],
          [
            34.979527,
            32.826501
          ],
          [
            34.979586,
            32.826476
          ],
          [
            34.979871,
            32.826349
          ],
          [
            34.979967,
            32.826302
          ],
          [
            34.980039,
            32.826266
          ],
          [
            34.980108,
            32.826208
          ],
          [
            34.980245,
            32.8261
          ],
          [
            34.980381,
            32.825936
          ],
          [
            34.980563,
            32.82563
          ],
          [
            34.980732,
            32.825293
          ],
          [
            34.980746,
            32.825246
          ],
          [
            34.980859,
            32.825079
          ],
          [
            34.980989,
            32.824923
          ],
          [
            34.981092,
            32.824808
          ],
          [
            34.981327,
            32.824574
          ],
          [
            34.981398,
            32.824512
          ],
          [
            34.981658,
            32.824324
          ],
          [
            34.981694,
            32.824298
          ],
          [
            34.981725,
            32.824277
          ],
          [
            34.981913,
            32.824175
          ],
          [
            34.982078,
            32.824096
          ],
          [
            34.982219,
            32.824029
          ],
          [
            34.982472,
            32.823931
          ],
          [
            34.982632,
            32.823895
          ],
          [
            34.982714,
            32.823876
          ],
          [
            34.982769,
            32.823864
          ],
          [
            34.983038,
            32.823832
          ],
          [
            34.983235,
            32.823821
          ],
          [
            34.9833,
            32.823822
          ],
          [
            34.983395,
            32.823831
          ],
          [
            34.983539,
            32.823858
          ],
          [
            34.98361,
            32.823879
          ],
          [
            34.983727,
            32.823914
          ],
          [
            34.983843,
            32.823956
          ],
          [
            34.983977,
            32.824014
          ],
          [
            34.98409,
            32.824051
          ],
          [
            34.984182,
            32.82407
          ],
          [
            34.984269,
            32.824075
          ],
          [
            34.984402,
            32.824086
          ],
          [
            34.984468,
            32.824059
          ],
          [
            34.984533,
            32.824041
          ],
          [
            34.984647,
            32.824015
          ],
          [
            34.984713,
            32.823997
          ],
          [
            34.985013,
            32.823913
          ],
          [
            34.98525,
            32.823833
          ],
          [
            34.985582,
            32.823713
          ],
          [
            34.986536,
            32.823282
          ],
          [
            34.987511,
            32.82289
          ],
          [
            34.987635,
            32.82284
          ],
          [
            34.987829,
            32.822758
          ],
          [
            34.988249,
            32.822582
          ],
          [
            34.988878,
            32.822307
          ],
          [
            34.989774,
            32.821906
          ],
          [
            34.990121,
            32.821755
          ],
          [
            34.991204,
            32.821317
          ],
          [
            34.991216,
            32.821303
          ],
          [
            34.991231,
            32.821289
          ],
          [
            34.991237,
            32.821286
          ],
          [
            34.991248,
            32.821279
          ],
          [
            34.991304,
            32.821263
          ],
          [
            34.991324,
            32.821263
          ],
          [
            34.991342,
            32.821268
          ],
          [
            34.991423,
            32.821233
          ],
          [
            34.991547,
            32.821197
          ],
          [
            34.991826,
            32.821067
          ],
          [
            34.992293,
            32.820858
          ],
          [
            34.992578,
            32.820728
          ],
          [
            34.99302,
            32.820537
          ],
          [
            34.993553,
            32.820306
          ],
          [
            34.994055,
            32.820089
          ],
          [
            34.994226,
            32.820018
          ],
          [
            34.994305,
            32.819975
          ],
          [
            34.994346,
            32.819942
          ],
          [
            34.994371,
            32.819898
          ],
          [
            34.994392,
            32.819842
          ],
          [
            34.994413,
            32.819808
          ],
          [
            34.994421,
            32.819792
          ],
          [
            34.994427,
            32.819782
          ],
          [
            34.994442,
            32.819764
          ],
          [
            34.994447,
            32.819759
          ],
          [
            34.994459,
            32.819748
          ],
          [
            34.994478,
            32.819733
          ],
          [
            34.9945,
            32.819721
          ],
          [
            34.994523,
            32.81971
          ],
          [
            34.994547,
            32.819703
          ],
          [
            34.99456,
            32.8197
          ],
          [
            34.994576,
            32.819697
          ],
          [
            34.994599,
            32.819695
          ],
          [
            34.994612,
            32.819695
          ],
          [
            34.994638,
            32.819697
          ],
          [
            34.99465,
            32.819699
          ],
          [
            34.994676,
            32.819705
          ],
          [
            34.994688,
            32.819709
          ],
          [
            34.994713,
            32.819719
          ],
          [
            34.994733,
            32.81973
          ],
          [
            34.994743,
            32.819737
          ],
          [
            34.994763,
            32.819754
          ],
          [
            34.995254,
            32.819557
          ],
          [
            34.995677,
            32.819364
          ],
          [
            34.996284,
            32.819089
          ],
          [
            34.996631,
            32.818932
          ],
          [
            34.996945,
            32.81879
          ],
          [
            34.997106,
            32.818708
          ],
          [
            34.997179,
            32.818667
          ],
          [
            34.997294,
            32.81855
          ],
          [
            34.997314,
            32.818529
          ],
          [
            34.997384,
            32.818465
          ],
          [
            34.997484,
            32.818396
          ],
          [
            34.99756,
            32.818352
          ],
          [
            34.997583,
            32.81834
          ],
          [
            34.997674,
            32.818296
          ],
          [
            34.99774,
            32.818277
          ],
          [
            34.997854,
            32.818251
          ],
          [
            34.997982,
            32.818237
          ],
          [
            34.99811,
            32.818209
          ],
          [
            34.99825,
            32.81817
          ],
          [
            34.998426,
            32.818092
          ],
          [
            34.99876,
            32.817889
          ],
          [
            34.999198,
            32.817624
          ],
          [
            34.999256,
            32.817585
          ],
          [
            34.999593,
            32.817354
          ],
          [
            34.999981,
            32.817105
          ],
          [
            35.00006,
            32.817046
          ],
          [
            35.00021,
            32.816901
          ],
          [
            35.000431,
            32.816678
          ],
          [
            35.000468,
            32.816642
          ],
          [
            35.000651,
            32.816451
          ],
          [
            35.000774,
            32.816304
          ],
          [
            35.000782,
            32.816292
          ],
          [
            35.001212,
            32.815799
          ],
          [
            35.001478,
            32.815498
          ],
          [
            35.0016,
            32.815369
          ],
          [
            35.001625,
            32.815339
          ],
          [
            35.001726,
            32.815227
          ],
          [
            35.001834,
            32.815092
          ],
          [
            35.001907,
            32.815008
          ],
          [
            35.002029,
            32.814874
          ],
          [
            35.002319,
            32.814553
          ],
          [
            35.002472,
            32.814397
          ],
          [
            35.002693,
            32.814178
          ],
          [
            35.002925,
            32.813941
          ],
          [
            35.003555,
            32.813238
          ],
          [
            35.00366,
            32.812966
          ],
          [
            35.003699,
            32.812839
          ],
          [
            35.003738,
            32.812704
          ],
          [
            35.003733,
            32.812651
          ],
          [
            35.003723,
            32.812618
          ],
          [
            35.003699,
            32.812582
          ],
          [
            35.003678,
            32.812553
          ],
          [
            35.00365,
            32.81253
          ],
          [
            35.003626,
            32.812522
          ],
          [
            35.003574,
            32.81251
          ],
          [
            35.003502,
            32.812504
          ],
          [
            35.00345,
            32.812512
          ],
          [
            35.0034,
            32.812527
          ],
          [
            35.003384,
            32.812533
          ],
          [
            35.003319,
            32.812555
          ],
          [
            35.003234,
            32.812597
          ],
          [
            35.003108,
            32.812656
          ],
          [
            35.00299,
            32.812713
          ],
          [
            35.002894,
            32.812758
          ],
          [
            35.002793,
            32.812816
          ],
          [
            35.002571,
            32.812953
          ],
          [
            35.002554,
            32.812967
          ],
          [
            35.002431,
            32.813145
          ],
          [
            35.002366,
            32.813274
          ],
          [
            35.002314,
            32.813382
          ],
          [
            35.002235,
            32.813506
          ],
          [
            35.002148,
            32.813598
          ],
          [
            35.002062,
            32.813686
          ],
          [
            35.001975,
            32.813764
          ],
          [
            35.001745,
            32.814003
          ],
          [
            35.001522,
            32.814154
          ],
          [
            35.001447,
            32.814219
          ],
          [
            35.001159,
            32.81441
          ],
          [
            35.000596,
            32.814849
          ],
          [
            35.000536,
            32.814911
          ],
          [
            35.00044,
            32.814999
          ],
          [
            35.000354,
            32.815075
          ],
          [
            35.000284,
            32.815132
          ],
          [
            35.000262,
            32.815144
          ],
          [
            35.000241,
            32.815153
          ],
          [
            35.000185,
            32.815165
          ],
          [
            35.00018,
            32.815186
          ],
          [
            35.000167,
            32.815204
          ],
          [
            35.000154,
            32.815214
          ],
          [
            35.000144,
            32.815218
          ],
          [
            35.000139,
            32.81522
          ],
          [
            35.000119,
            32.815223
          ],
          [
            35.000107,
            32.815222
          ],
          [
            35.000095,
            32.815219
          ],
          [
            35.000077,
            32.81521
          ],
          [
            35.000063,
            32.815197
          ],
          [
            35.000054,
            32.81518
          ],
          [
            35.000052,
            32.81517
          ],
          [
            35.000052,
            32.815155
          ],
          [
            35.000057,
            32.815141
          ],
          [
            35.000065,
            32.815129
          ],
          [
            35.000077,
            32.815118
          ],
          [
            35.000091,
            32.815111
          ],
          [
            35.000101,
            32.815108
          ],
          [
            35.000097,
            32.81504
          ],
          [
            35.0001,
            32.814962
          ],
          [
            35.000109,
            32.814906
          ],
          [
            35.000161,
            32.814698
          ],
          [
            35.00018,
            32.81464
          ],
          [
            35.000204,
            32.814558
          ],
          [
            35.000289,
            32.814312
          ],
          [
            35.000451,
            32.813934
          ],
          [
            35.000618,
            32.813607
          ],
          [
            35.000753,
            32.813372
          ],
          [
            35.001021,
            32.812938
          ],
          [
            35.001079,
            32.812702
          ],
          [
            35.001075,
            32.812667
          ],
          [
            35.001058,
            32.812621
          ],
          [
            35.001036,
            32.81259
          ],
          [
            35.001003,
            32.812555
          ],
          [
            35.000961,
            32.812513
          ],
          [
            35.000885,
            32.812461
          ],
          [
            35.000726,
            32.812411
          ],
          [
            35.000616,
            32.812377
          ],
          [
            35.000508,
            32.812353
          ],
          [
            35.000447,
            32.812343
          ],
          [
            35.000395,
            32.812338
          ],
          [
            35.00035,
            32.81234
          ],
          [
            35.00031,
            32.812346
          ],
          [
            35.000262,
            32.812364
          ],
          [
            35.00021,
            32.812389
          ],
          [
            35.000063,
            32.812478
          ],
          [
            34.999788,
            32.812653
          ],
          [
            34.999761,
            32.812669
          ],
          [
            34.999624,
            32.812745
          ],
          [
            34.999446,
            32.812903
          ],
          [
            34.999146,
            32.81319
          ],
          [
            34.999151,
            32.813197
          ],
          [
            34.999155,
            32.813207
          ],
          [
            34.999157,
            32.813216
          ],
          [
            34.999157,
            32.813222
          ],
          [
            34.999155,
            32.813232
          ],
          [
            34.999151,
            32.813241
          ],
          [
            34.999148,
            32.813247
          ],
          [
            34.999141,
            32.813254
          ],
          [
            34.999132,
            32.813261
          ],
          [
            34.999122,
            32.813266
          ],
          [
            34.999112,
            32.813269
          ],
          [
            34.999097,
            32.813271
          ],
          [
            34.999085,
            32.81327
          ],
          [
            34.999074,
            32.813267
          ],
          [
            34.999066,
            32.813264
          ],
          [
            34.998717,
            32.81362
          ],
          [
            34.998633,
            32.813641
          ],
          [
            34.998586,
            32.813644
          ],
          [
            34.99852,
            32.813629
          ],
          [
            34.998392,
            32.813573
          ],
          [
            34.998257,
            32.813514
          ],
          [
            34.998086,
            32.813435
          ],
          [
            34.997867,
            32.813303
          ],
          [
            34.997659,
            32.813112
          ],
          [
            34.997389,
            32.812838
          ],
          [
            34.997359,
            32.812791
          ],
          [
            34.997448,
            32.812695
          ],
          [
            34.997677,
            32.812457
          ],
          [
            34.99801,
            32.81208
          ],
          [
            34.997747,
            32.811783
          ],
          [
            34.997722,
            32.811753
          ],
          [
            34.997705,
            32.811734
          ],
          [
            34.997674,
            32.811693
          ],
          [
            34.997647,
            32.811652
          ],
          [
            34.997643,
            32.811629
          ],
          [
            34.997642,
            32.811603
          ],
          [
            34.997643,
            32.811589
          ],
          [
            34.997645,
            32.811568
          ],
          [
            34.997661,
            32.811516
          ],
          [
            34.997774,
            32.811404
          ],
          [
            34.997895,
            32.811266
          ],
          [
            34.99796,
            32.811183
          ],
          [
            34.998099,
            32.810969
          ],
          [
            34.998247,
            32.810682
          ],
          [
            34.998518,
            32.810229
          ],
          [
            34.998714,
            32.80988
          ],
          [
            34.998786,
            32.809765
          ],
          [
            34.99886,
            32.809612
          ],
          [
            34.998989,
            32.809456
          ],
          [
            34.999091,
            32.809364
          ],
          [
            34.999319,
            32.809142
          ],
          [
            34.999543,
            32.808916
          ],
          [
            34.999717,
            32.808751
          ],
          [
            34.999773,
            32.808698
          ],
          [
            35.000272,
            32.808258
          ],
          [
            35.000428,
            32.808114
          ],
          [
            35.000496,
            32.80801
          ],
          [
            35.000547,
            32.807893
          ],
          [
            35.000563,
            32.807797
          ],
          [
            35.000666,
            32.807157
          ],
          [
            35.000682,
            32.807023
          ],
          [
            35.000689,
            32.806955
          ],
          [
            35.000712,
            32.806744
          ],
          [
            35.000725,
            32.806388
          ],
          [
            35.000743,
            32.806234
          ],
          [
            35.000758,
            32.805922
          ],
          [
            35.000762,
            32.805848
          ],
          [
            35.000673,
            32.805334
          ],
          [
            35.000608,
            32.805123
          ],
          [
            35.000567,
            32.805024
          ],
          [
            35.000516,
            32.804944
          ],
          [
            35.000333,
            32.804714
          ],
          [
            35.000242,
            32.804652
          ],
          [
            35.000157,
            32.804617
          ],
          [
            35.000082,
            32.804603
          ],
          [
            34.999952,
            32.804597
          ],
          [
            34.99982,
            32.804596
          ],
          [
            34.999703,
            32.804613
          ],
          [
            34.999539,
            32.804654
          ],
          [
            34.999386,
            32.804685
          ],
          [
            34.99926,
            32.804725
          ],
          [
            34.999033,
            32.8048
          ],
          [
            34.998966,
            32.80481
          ],
          [
            34.99888,
            32.804818
          ],
          [
            34.998852,
            32.804816
          ],
          [
            34.998786,
            32.804811
          ],
          [
            34.998532,
            32.804772
          ],
          [
            34.998435,
            32.804751
          ],
          [
            34.998302,
            32.804719
          ],
          [
            34.998234,
            32.804698
          ],
          [
            34.997994,
            32.804623
          ],
          [
            34.997818,
            32.804564
          ],
          [
            34.997606,
            32.804484
          ],
          [
            34.997352,
            32.804415
          ],
          [
            34.997083,
            32.804367
          ],
          [
            34.996918,
            32.804339
          ],
          [
            34.996579,
            32.804288
          ],
          [
            34.996187,
            32.804223
          ],
          [
            34.995863,
            32.804167
          ],
          [
            34.995754,
            32.804154
          ],
          [
            34.995716,
            32.804144
          ],
          [
            34.99569,
            32.804131
          ],
          [
            34.995658,
            32.804106
          ],
          [
            34.995633,
            32.80408
          ],
          [
            34.995616,
            32.804048
          ],
          [
            34.995612,
            32.804016
          ],
          [
            34.99561,
            32.803985
          ],
          [
            34.995613,
            32.803976
          ],
          [
            34.99562,
            32.803949
          ],
          [
            34.995636,
            32.803911
          ],
          [
            34.995657,
            32.803882
          ],
          [
            34.995685,
            32.803856
          ],
          [
            34.995743,
            32.80382
          ],
          [
            34.9962,
            32.803575
          ],
          [
            34.996263,
            32.803535
          ],
          [
            34.99631,
            32.803506
          ],
          [
            34.9964,
            32.803447
          ],
          [
            34.996585,
            32.803319
          ],
          [
            34.996906,
            32.803115
          ],
          [
            34.997033,
            32.803031
          ],
          [
            34.997517,
            32.802711
          ],
          [
            34.997592,
            32.802621
          ],
          [
            34.997644,
            32.802533
          ],
          [
            34.997756,
            32.802099
          ],
          [
            34.997797,
            32.801966
          ],
          [
            34.99786,
            32.801834
          ],
          [
            34.997968,
            32.801686
          ],
          [
            34.998129,
            32.801519
          ],
          [
            34.998256,
            32.801423
          ],
          [
            34.998394,
            32.801353
          ],
          [
            34.998609,
            32.80125
          ],
          [
            34.998841,
            32.801171
          ],
          [
            34.999129,
            32.801101
          ],
          [
            34.999496,
            32.801009
          ],
          [
            34.999715,
            32.800942
          ],
          [
            34.99987,
            32.800881
          ],
          [
            35.000268,
            32.800717
          ],
          [
            35.000386,
            32.800658
          ],
          [
            35.000559,
            32.800551
          ],
          [
            35.000629,
            32.800493
          ],
          [
            35.000735,
            32.800381
          ],
          [
            35.000849,
            32.800236
          ],
          [
            35.000909,
            32.8001
          ],
          [
            35.000925,
            32.799926
          ],
          [
            35.000891,
            32.799779
          ],
          [
            35.000824,
            32.799635
          ],
          [
            35.000715,
            32.799505
          ],
          [
            35.000654,
            32.799414
          ],
          [
            35.000423,
            32.799233
          ],
          [
            35.000405,
            32.79924
          ],
          [
            35.000392,
            32.799243
          ],
          [
            35.000378,
            32.799244
          ],
          [
            35.000357,
            32.799244
          ],
          [
            35.000346,
            32.799242
          ],
          [
            35.000336,
            32.79924
          ],
          [
            35.000323,
            32.799236
          ],
          [
            35.000311,
            32.799231
          ],
          [
            35.000294,
            32.79922
          ],
          [
            35.000279,
            32.799207
          ],
          [
            35.000272,
            32.799197
          ],
          [
            35.000263,
            32.799181
          ],
          [
            35.000257,
            32.799164
          ],
          [
            35.000256,
            32.799146
          ],
          [
            35.000258,
            32.799134
          ],
          [
            35.000263,
            32.799117
          ],
          [
            35.000269,
            32.799105
          ],
          [
            35.000275,
            32.799095
          ],
          [
            35.000281,
            32.799089
          ],
          [
            35.000068,
            32.79903
          ],
          [
            34.999765,
            32.798912
          ],
          [
            34.999482,
            32.79881
          ],
          [
            34.999128,
            32.798702
          ],
          [
            34.998871,
            32.798633
          ],
          [
            34.998674,
            32.798607
          ],
          [
            34.998605,
            32.798598
          ],
          [
            34.998504,
            32.798605
          ],
          [
            34.998372,
            32.798613
          ],
          [
            34.998104,
            32.798605
          ],
          [
            34.998006,
            32.798614
          ],
          [
            34.997922,
            32.798643
          ],
          [
            34.997835,
            32.798658
          ],
          [
            34.997787,
            32.798666
          ],
          [
            34.997703,
            32.798683
          ],
          [
            34.99768,
            32.79869
          ],
          [
            34.997608,
            32.798714
          ],
          [
            34.997617,
            32.798724
          ],
          [
            34.997625,
            32.798738
          ],
          [
            34.997629,
            32.798748
          ],
          [
            34.997632,
            32.798763
          ],
          [
            34.997632,
            32.798774
          ],
          [
            34.997629,
            32.798789
          ],
          [
            34.997622,
            32.798804
          ],
          [
            34.997613,
            32.798817
          ],
          [
            34.997605,
            32.798826
          ],
          [
            34.997596,
            32.798833
          ],
          [
            34.997586,
            32.798839
          ],
          [
            34.997569,
            32.798846
          ],
          [
            34.997552,
            32.798851
          ],
          [
            34.997542,
            32.798852
          ],
          [
            34.997539,
            32.798852
          ],
          [
            34.997527,
            32.798853
          ],
          [
            34.997514,
            32.798851
          ],
          [
            34.997497,
            32.798847
          ],
          [
            34.99748,
            32.79884
          ],
          [
            34.997465,
            32.798831
          ],
          [
            34.997456,
            32.798823
          ],
          [
            34.997449,
            32.798815
          ],
          [
            34.99744,
            32.798801
          ],
          [
            34.997434,
            32.798786
          ],
          [
            34.997432,
            32.798772
          ],
          [
            34.997368,
            32.798788
          ],
          [
            34.997311,
            32.798807
          ],
          [
            34.9972,
            32.798843
          ],
          [
            34.99717,
            32.798856
          ],
          [
            34.996822,
            32.799007
          ],
          [
            34.996769,
            32.799031
          ],
          [
            34.996718,
            32.79906
          ],
          [
            34.996615,
            32.799131
          ],
          [
            34.996322,
            32.79941
          ],
          [
            34.99629,
            32.799476
          ],
          [
            34.996271,
            32.799523
          ],
          [
            34.996251,
            32.799604
          ],
          [
            34.996253,
            32.799665
          ],
          [
            34.996268,
            32.799728
          ],
          [
            34.996276,
            32.79978
          ],
          [
            34.996266,
            32.799817
          ],
          [
            34.996248,
            32.799843
          ],
          [
            34.996214,
            32.799876
          ],
          [
            34.996173,
            32.799902
          ],
          [
            34.996126,
            32.799928
          ],
          [
            34.996034,
            32.799915
          ],
          [
            34.99597,
            32.799919
          ],
          [
            34.995913,
            32.79993
          ],
          [
            34.995864,
            32.799951
          ],
          [
            34.995779,
            32.799997
          ],
          [
            34.995676,
            32.800064
          ],
          [
            34.995475,
            32.800196
          ],
          [
            34.995397,
            32.800242
          ],
          [
            34.994811,
            32.80058
          ],
          [
            34.994491,
            32.800764
          ],
          [
            34.994243,
            32.800895
          ],
          [
            34.994044,
            32.800979
          ],
          [
            34.993626,
            32.80117
          ],
          [
            34.992615,
            32.801551
          ],
          [
            34.992321,
            32.801676
          ],
          [
            34.992082,
            32.80178
          ],
          [
            34.991819,
            32.801871
          ],
          [
            34.99172,
            32.801918
          ],
          [
            34.991536,
            32.802029
          ],
          [
            34.991302,
            32.80219
          ],
          [
            34.991266,
            32.802235
          ],
          [
            34.991226,
            32.802275
          ],
          [
            34.991076,
            32.802407
          ],
          [
            34.991075,
            32.802416
          ],
          [
            34.991071,
            32.802429
          ],
          [
            34.991066,
            32.802437
          ],
          [
            34.991058,
            32.802448
          ],
          [
            34.991048,
            32.802457
          ],
          [
            34.991035,
            32.802465
          ],
          [
            34.99103,
            32.802467
          ],
          [
            34.991012,
            32.802473
          ],
          [
            34.990998,
            32.802474
          ],
          [
            34.990983,
            32.802473
          ],
          [
            34.990968,
            32.802469
          ],
          [
            34.990957,
            32.802465
          ],
          [
            34.990943,
            32.802456
          ],
          [
            34.990936,
            32.802449
          ],
          [
            34.99093,
            32.802442
          ],
          [
            34.990925,
            32.802435
          ],
          [
            34.990922,
            32.802428
          ],
          [
            34.990919,
            32.802418
          ],
          [
            34.990917,
            32.802409
          ],
          [
            34.990917,
            32.802401
          ],
          [
            34.990918,
            32.802391
          ],
          [
            34.990903,
            32.802348
          ],
          [
            34.990897,
            32.802313
          ],
          [
            34.990894,
            32.802247
          ],
          [
            34.990916,
            32.80197
          ],
          [
            34.990915,
            32.801923
          ],
          [
            34.990909,
            32.801886
          ],
          [
            34.990898,
            32.801854
          ],
          [
            34.990858,
            32.801805
          ],
          [
            34.990832,
            32.80178
          ],
          [
            34.990796,
            32.801757
          ],
          [
            34.99075,
            32.801741
          ],
          [
            34.990706,
            32.80173
          ],
          [
            34.990575,
            32.801716
          ],
          [
            34.990373,
            32.801734
          ],
          [
            34.990196,
            32.801756
          ],
          [
            34.989975,
            32.801797
          ],
          [
            34.989645,
            32.801875
          ],
          [
            34.989303,
            32.801952
          ],
          [
            34.988967,
            32.80203
          ],
          [
            34.988714,
            32.802093
          ],
          [
            34.988548,
            32.802132
          ],
          [
            34.988229,
            32.802199
          ],
          [
            34.98815,
            32.802217
          ],
          [
            34.98808,
            32.802234
          ],
          [
            34.987997,
            32.802262
          ],
          [
            34.98789,
            32.80231
          ],
          [
            34.987725,
            32.80239
          ],
          [
            34.987593,
            32.802469
          ],
          [
            34.987336,
            32.802594
          ],
          [
            34.987025,
            32.802736
          ],
          [
            34.986703,
            32.802895
          ],
          [
            34.986641,
            32.80293
          ],
          [
            34.986602,
            32.802958
          ],
          [
            34.986578,
            32.802979
          ],
          [
            34.986561,
            32.803003
          ],
          [
            34.986545,
            32.803034
          ],
          [
            34.986537,
            32.80306
          ],
          [
            34.986686,
            32.803206
          ],
          [
            34.986795,
            32.803332
          ],
          [
            34.987015,
            32.803618
          ],
          [
            34.987196,
            32.803862
          ],
          [
            34.987225,
            32.803954
          ],
          [
            34.987154,
            32.804001
          ],
          [
            34.987054,
            32.804043
          ],
          [
            34.986984,
            32.804065
          ],
          [
            34.986913,
            32.804081
          ],
          [
            34.986653,
            32.80413
          ],
          [
            34.986371,
            32.804207
          ],
          [
            34.986193,
            32.804241
          ],
          [
            34.986043,
            32.80427
          ],
          [
            34.985538,
            32.804336
          ],
          [
            34.985415,
            32.804372
          ],
          [
            34.985287,
            32.804425
          ],
          [
            34.985265,
            32.804437
          ],
          [
            34.985156,
            32.804486
          ],
          [
            34.985135,
            32.804496
          ],
          [
            34.985107,
            32.804511
          ],
          [
            34.985117,
            32.804522
          ],
          [
            34.985123,
            32.804531
          ],
          [
            34.985126,
            32.804541
          ],
          [
            34.985127,
            32.804551
          ],
          [
            34.985126,
            32.804562
          ],
          [
            34.985123,
            32.804572
          ],
          [
            34.985115,
            32.804584
          ],
          [
            34.985107,
            32.804592
          ],
          [
            34.985097,
            32.804598
          ],
          [
            34.985086,
            32.804603
          ],
          [
            34.98507,
            32.804606
          ],
          [
            34.985058,
            32.804607
          ],
          [
            34.985046,
            32.804606
          ],
          [
            34.98503,
            32.804601
          ],
          [
            34.98502,
            32.804595
          ],
          [
            34.98501,
            32.804586
          ],
          [
            34.985002,
            32.804576
          ],
          [
            34.984997,
            32.804567
          ],
          [
            34.984995,
            32.804556
          ],
          [
            34.984995,
            32.804544
          ],
          [
            34.984774,
            32.804607
          ],
          [
            34.984634,
            32.804647
          ],
          [
            34.984291,
            32.804769
          ],
          [
            34.983383,
            32.805091
          ],
          [
            34.982592,
            32.805328
          ],
          [
            34.9822,
            32.805445
          ],
          [
            34.981779,
            32.805605
          ],
          [
            34.981421,
            32.805826
          ],
          [
            34.981425,
            32.805835
          ],
          [
            34.981428,
            32.805847
          ],
          [
            34.981428,
            32.805859
          ],
          [
            34.981426,
            32.805871
          ],
          [
            34.981421,
            32.805882
          ],
          [
            34.981414,
            32.805892
          ],
          [
            34.981405,
            32.805901
          ],
          [
            34.981394,
            32.805909
          ],
          [
            34.981381,
            32.805914
          ],
          [
            34.981367,
            32.805918
          ],
          [
            34.981353,
            32.805919
          ],
          [
            34.981339,
            32.805918
          ],
          [
            34.981325,
            32.805915
          ],
          [
            34.981312,
            32.80591
          ],
          [
            34.981301,
            32.805902
          ],
          [
            34.981291,
            32.805893
          ],
          [
            34.980987,
            32.806124
          ],
          [
            34.98081,
            32.806272
          ],
          [
            34.980548,
            32.806459
          ],
          [
            34.98029,
            32.806683
          ],
          [
            34.980066,
            32.806895
          ],
          [
            34.979906,
            32.807047
          ],
          [
            34.979684,
            32.807266
          ],
          [
            34.979582,
            32.80737
          ],
          [
            34.979421,
            32.807486
          ],
          [
            34.979343,
            32.807528
          ],
          [
            34.979251,
            32.807566
          ],
          [
            34.978911,
            32.807636
          ],
          [
            34.978392,
            32.807729
          ],
          [
            34.978072,
            32.807787
          ],
          [
            34.977711,
            32.807857
          ],
          [
            34.977411,
            32.807906
          ],
          [
            34.977189,
            32.807964
          ],
          [
            34.977113,
            32.807985
          ],
          [
            34.977055,
            32.808013
          ],
          [
            34.97701,
            32.808045
          ],
          [
            34.976983,
            32.808064
          ],
          [
            34.976919,
            32.808113
          ],
          [
            34.976854,
            32.808196
          ],
          [
            34.976787,
            32.808283
          ],
          [
            34.976761,
            32.808319
          ],
          [
            34.976449,
            32.808754
          ],
          [
            34.976164,
            32.809109
          ],
          [
            34.975588,
            32.809653
          ],
          [
            34.975057,
            32.810038
          ],
          [
            34.97488,
            32.81018
          ],
          [
            34.974818,
            32.81023
          ],
          [
            34.974661,
            32.810299
          ],
          [
            34.974523,
            32.810328
          ],
          [
            34.97433,
            32.810339
          ],
          [
            34.974189,
            32.810304
          ],
          [
            34.973262,
            32.809824
          ],
          [
            34.973048,
            32.809744
          ],
          [
            34.973001,
            32.809735
          ],
          [
            34.972973,
            32.809729
          ],
          [
            34.972877,
            32.809737
          ],
          [
            34.972773,
            32.809756
          ],
          [
            34.972695,
            32.809783
          ],
          [
            34.972606,
            32.80986
          ],
          [
            34.972523,
            32.809971
          ],
          [
            34.971929,
            32.810685
          ],
          [
            34.97187,
            32.81076
          ],
          [
            34.971839,
            32.810842
          ],
          [
            34.971828,
            32.810891
          ],
          [
            34.971814,
            32.810996
          ],
          [
            34.971805,
            32.811122
          ],
          [
            34.971764,
            32.811438
          ],
          [
            34.971667,
            32.811606
          ],
          [
            34.971428,
            32.811833
          ],
          [
            34.971295,
            32.811984
          ],
          [
            34.9711,
            32.812156
          ],
          [
            34.970789,
            32.81235
          ],
          [
            34.970344,
            32.812615
          ],
          [
            34.970272,
            32.812646
          ],
          [
            34.969864,
            32.812858
          ],
          [
            34.969513,
            32.813022
          ],
          [
            34.969301,
            32.813097
          ],
          [
            34.969104,
            32.813138
          ],
          [
            34.968992,
            32.813157
          ],
          [
            34.968804,
            32.813152
          ],
          [
            34.968506,
            32.81311
          ],
          [
            34.968216,
            32.813045
          ],
          [
            34.968035,
            32.813003
          ],
          [
            34.96787,
            32.813066
          ],
          [
            34.967695,
            32.813177
          ],
          [
            34.967497,
            32.813337
          ],
          [
            34.967337,
            32.813486
          ],
          [
            34.967229,
            32.813562
          ],
          [
            34.96712,
            32.813632
          ],
          [
            34.967081,
            32.813677
          ],
          [
            34.967083,
            32.813685
          ],
          [
            34.967079,
            32.813704
          ],
          [
            34.967075,
            32.813716
          ],
          [
            34.967065,
            32.813731
          ],
          [
            34.967079,
            32.813799
          ],
          [
            34.967093,
            32.813848
          ],
          [
            34.967122,
            32.813903
          ],
          [
            34.967485,
            32.814728
          ],
          [
            34.967548,
            32.814883
          ],
          [
            34.967562,
            32.814935
          ],
          [
            34.967566,
            32.81499
          ],
          [
            34.967558,
            32.815038
          ],
          [
            34.967539,
            32.815093
          ],
          [
            34.967512,
            32.815135
          ],
          [
            34.967457,
            32.815192
          ],
          [
            34.96732,
            32.815298
          ],
          [
            34.967067,
            32.815482
          ],
          [
            34.966866,
            32.815595
          ],
          [
            34.966672,
            32.815653
          ],
          [
            34.966277,
            32.815742
          ],
          [
            34.966027,
            32.815801
          ],
          [
            34.965863,
            32.815862
          ],
          [
            34.965775,
            32.815918
          ],
          [
            34.965717,
            32.815972
          ],
          [
            34.965647,
            32.816069
          ],
          [
            34.965526,
            32.816352
          ],
          [
            34.96546,
            32.816436
          ],
          [
            34.965373,
            32.816488
          ],
          [
            34.965296,
            32.816518
          ],
          [
            34.965198,
            32.816528
          ],
          [
            34.965076,
            32.816507
          ],
          [
            34.964977,
            32.816476
          ],
          [
            34.964865,
            32.816405
          ],
          [
            34.96479,
            32.81631
          ],
          [
            34.964718,
            32.816165
          ],
          [
            34.964673,
            32.816041
          ],
          [
            34.964618,
            32.815979
          ],
          [
            34.964558,
            32.815926
          ],
          [
            34.964474,
            32.815913
          ],
          [
            34.964435,
            32.815911
          ],
          [
            34.964319,
            32.815933
          ],
          [
            34.964073,
            32.816105
          ],
          [
            34.963954,
            32.816193
          ],
          [
            34.963933,
            32.81621
          ],
          [
            34.963781,
            32.816274
          ],
          [
            34.963598,
            32.816314
          ],
          [
            34.963307,
            32.816314
          ],
          [
            34.963287,
            32.81631
          ],
          [
            34.963048,
            32.816259
          ],
          [
            34.962797,
            32.816141
          ],
          [
            34.962636,
            32.81604
          ],
          [
            34.962624,
            32.816025
          ],
          [
            34.962548,
            32.815935
          ],
          [
            34.96248,
            32.815777
          ],
          [
            34.96243,
            32.815663
          ],
          [
            34.962249,
            32.815108
          ],
          [
            34.96215,
            32.814916
          ],
          [
            34.962017,
            32.814718
          ],
          [
            34.961835,
            32.814533
          ],
          [
            34.961698,
            32.814428
          ],
          [
            34.961598,
            32.814363
          ],
          [
            34.961255,
            32.814206
          ],
          [
            34.960953,
            32.81411
          ],
          [
            34.96066,
            32.814017
          ],
          [
            34.960581,
            32.813992
          ],
          [
            34.960283,
            32.813906
          ],
          [
            34.959904,
            32.813798
          ],
          [
            34.959382,
            32.813635
          ],
          [
            34.959092,
            32.813546
          ],
          [
            34.957986,
            32.813204
          ],
          [
            34.957958,
            32.813197
          ],
          [
            34.958009,
            32.813109
          ],
          [
            34.958063,
            32.81301
          ],
          [
            34.95812,
            32.812914
          ],
          [
            34.958298,
            32.812328
          ],
          [
            34.958375,
            32.812092
          ],
          [
            34.958473,
            32.811797
          ],
          [
            34.958658,
            32.81124
          ],
          [
            34.958779,
            32.81086
          ],
          [
            34.958851,
            32.810639
          ],
          [
            34.958932,
            32.810395
          ],
          [
            34.959023,
            32.810092
          ],
          [
            34.95912,
            32.809803
          ],
          [
            34.959274,
            32.809335
          ],
          [
            34.959388,
            32.808979
          ],
          [
            34.959425,
            32.808861
          ],
          [
            34.959536,
            32.808508
          ],
          [
            34.959588,
            32.808342
          ],
          [
            34.95994,
            32.808464
          ],
          [
            34.960617,
            32.808667
          ],
          [
            34.96098,
            32.80876
          ],
          [
            34.961138,
            32.80883
          ],
          [
            34.961221,
            32.808917
          ],
          [
            34.961284,
            32.808988
          ],
          [
            34.961594,
            32.809385
          ],
          [
            34.961874,
            32.808993
          ],
          [
            34.961992,
            32.808813
          ],
          [
            34.962285,
            32.808395
          ],
          [
            34.962458,
            32.808146
          ],
          [
            34.962514,
            32.808065
          ],
          [
            34.962602,
            32.807937
          ],
          [
            34.962687,
            32.807814
          ],
          [
            34.962794,
            32.807548
          ],
          [
            34.962875,
            32.807346
          ],
          [
            34.962907,
            32.807269
          ],
          [
            34.96298,
            32.807008
          ],
          [
            34.963165,
            32.806566
          ],
          [
            34.963481,
            32.806165
          ],
          [
            34.963541,
            32.8061
          ],
          [
            34.963752,
            32.805929
          ],
          [
            34.963982,
            32.805762
          ],
          [
            34.964003,
            32.805749
          ],
          [
            34.964206,
            32.805624
          ],
          [
            34.96454,
            32.805422
          ],
          [
            34.964814,
            32.805209
          ],
          [
            34.965114,
            32.80494
          ],
          [
            34.965939,
            32.803862
          ],
          [
            34.96642,
            32.8032
          ],
          [
            34.966837,
            32.802645
          ],
          [
            34.966936,
            32.802499
          ],
          [
            34.967123,
            32.802161
          ],
          [
            34.967222,
            32.801965
          ],
          [
            34.967334,
            32.801651
          ],
          [
            34.967406,
            32.801264
          ],
          [
            34.967379,
            32.80079
          ],
          [
            34.967364,
            32.800509
          ],
          [
            34.967351,
            32.80044
          ],
          [
            34.967334,
            32.800317
          ],
          [
            34.967313,
            32.800094
          ],
          [
            34.967297,
            32.799989
          ],
          [
            34.96717,
            32.799159
          ],
          [
            34.9671,
            32.798654
          ],
          [
            34.967087,
            32.798558
          ],
          [
            34.967042,
            32.798199
          ],
          [
            34.966992,
            32.798054
          ],
          [
            34.966895,
            32.797897
          ],
          [
            34.966884,
            32.797891
          ],
          [
            34.966874,
            32.797885
          ],
          [
            34.966865,
            32.797878
          ],
          [
            34.966858,
            32.79787
          ],
          [
            34.966849,
            32.797856
          ],
          [
            34.966845,
            32.797847
          ],
          [
            34.966842,
            32.797837
          ],
          [
            34.966841,
            32.797827
          ],
          [
            34.966842,
            32.797816
          ],
          [
            34.966845,
            32.797801
          ],
          [
            34.966852,
            32.797787
          ],
          [
            34.966858,
            32.797778
          ],
          [
            34.966866,
            32.79777
          ],
          [
            34.966879,
            32.79776
          ],
          [
            34.966895,
            32.797752
          ],
          [
            34.966906,
            32.797748
          ],
          [
            34.966918,
            32.797745
          ],
          [
            34.96693,
            32.797743
          ],
          [
            34.966943,
            32.797742
          ],
          [
            34.966961,
            32.797744
          ],
          [
            34.967008,
            32.797571
          ],
          [
            34.967034,
            32.797437
          ],
          [
            34.96706,
            32.797275
          ],
          [
            34.967069,
            32.797114
          ],
          [
            34.967069,
            32.796923
          ],
          [
            34.967017,
            32.796583
          ],
          [
            34.967009,
            32.796582
          ],
          [
            34.967,
            32.79658
          ],
          [
            34.966987,
            32.796576
          ],
          [
            34.966976,
            32.796569
          ],
          [
            34.966966,
            32.796561
          ],
          [
            34.96696,
            32.796555
          ],
          [
            34.966956,
            32.796549
          ],
          [
            34.966951,
            32.796538
          ],
          [
            34.966948,
            32.796527
          ],
          [
            34.966948,
            32.796515
          ],
          [
            34.966951,
            32.796504
          ],
          [
            34.966956,
            32.796493
          ],
          [
            34.966963,
            32.796483
          ],
          [
            34.966973,
            32.796475
          ],
          [
            34.966984,
            32.796468
          ],
          [
            34.966996,
            32.796463
          ],
          [
            34.967009,
            32.79646
          ],
          [
            34.967018,
            32.796459
          ],
          [
            34.967076,
            32.795549
          ],
          [
            34.967124,
            32.794426
          ],
          [
            34.967106,
            32.794424
          ],
          [
            34.967092,
            32.794421
          ],
          [
            34.967077,
            32.794417
          ],
          [
            34.967058,
            32.794408
          ],
          [
            34.967041,
            32.794395
          ],
          [
            34.967031,
            32.794386
          ],
          [
            34.967023,
            32.794375
          ],
          [
            34.967014,
            32.794359
          ],
          [
            34.966629,
            32.794362
          ],
          [
            34.966048,
            32.794371
          ],
          [
            34.965944,
            32.794373
          ],
          [
            34.965212,
            32.794354
          ],
          [
            34.964752,
            32.794358
          ],
          [
            34.964523,
            32.794352
          ],
          [
            34.964414,
            32.794351
          ],
          [
            34.964354,
            32.794333
          ],
          [
            34.964347,
            32.794348
          ],
          [
            34.964341,
            32.794357
          ],
          [
            34.964333,
            32.794366
          ],
          [
            34.964324,
            32.794374
          ],
          [
            34.964314,
            32.794382
          ],
          [
            34.964303,
            32.794388
          ],
          [
            34.964291,
            32.794393
          ],
          [
            34.964275,
            32.794397
          ],
          [
            34.964266,
            32.794398
          ],
          [
            34.964253,
            32.794399
          ],
          [
            34.964233,
            32.794398
          ],
          [
            34.96422,
            32.794395
          ],
          [
            34.964208,
            32.794391
          ],
          [
            34.964191,
            32.794383
          ],
          [
            34.96418,
            32.794376
          ],
          [
            34.964171,
            32.794368
          ],
          [
            34.96416,
            32.794355
          ],
          [
            34.964151,
            32.794339
          ],
          [
            34.964148,
            32.794329
          ],
          [
            34.964146,
            32.794321
          ],
          [
            34.964146,
            32.794307
          ],
          [
            34.964148,
            32.79429
          ],
          [
            34.964154,
            32.794274
          ],
          [
            34.964164,
            32.79426
          ],
          [
            34.964176,
            32.794247
          ],
          [
            34.964191,
            32.794236
          ],
          [
            34.964208,
            32.794228
          ],
          [
            34.964228,
            32.794222
          ],
          [
            34.964225,
            32.794166
          ],
          [
            34.964226,
            32.794086
          ],
          [
            34.964248,
            32.793707
          ],
          [
            34.964277,
            32.793381
          ],
          [
            34.964269,
            32.793166
          ],
          [
            34.964291,
            32.792752
          ],
          [
            34.964302,
            32.792634
          ],
          [
            34.96431,
            32.792599
          ],
          [
            34.964318,
            32.792448
          ],
          [
            34.964327,
            32.792374
          ],
          [
            34.964354,
            32.792155
          ],
          [
            34.964358,
            32.792093
          ],
          [
            34.964392,
            32.791596
          ],
          [
            34.964401,
            32.791461
          ],
          [
            34.964433,
            32.791183
          ],
          [
            34.964452,
            32.790655
          ],
          [
            34.964421,
            32.790554
          ],
          [
            34.964383,
            32.790504
          ],
          [
            34.964314,
            32.790456
          ],
          [
            34.964173,
            32.790397
          ],
          [
            34.963376,
            32.790386
          ],
          [
            34.963282,
            32.790384
          ],
          [
            34.963185,
            32.790383
          ],
          [
            34.963063,
            32.790373
          ],
          [
            34.962273,
            32.790356
          ],
          [
            34.962185,
            32.790362
          ],
          [
            34.962103,
            32.790363
          ],
          [
            34.961669,
            32.790356
          ],
          [
            34.961396,
            32.790343
          ],
          [
            34.961088,
            32.790327
          ],
          [
            34.960794,
            32.790305
          ],
          [
            34.960338,
            32.790255
          ],
          [
            34.960274,
            32.790247
          ],
          [
            34.960217,
            32.790243
          ],
          [
            34.959962,
            32.790247
          ],
          [
            34.959612,
            32.790236
          ],
          [
            34.959414,
            32.790239
          ],
          [
            34.959322,
            32.790248
          ],
          [
            34.959243,
            32.790258
          ],
          [
            34.959171,
            32.790277
          ],
          [
            34.959118,
            32.790296
          ],
          [
            34.959033,
            32.790338
          ],
          [
            34.958971,
            32.790371
          ],
          [
            34.958922,
            32.790415
          ],
          [
            34.958872,
            32.790467
          ],
          [
            34.958832,
            32.790513
          ],
          [
            34.958777,
            32.790613
          ],
          [
            34.958733,
            32.790701
          ],
          [
            34.958583,
            32.791034
          ],
          [
            34.958562,
            32.791109
          ],
          [
            34.958551,
            32.791147
          ],
          [
            34.9585,
            32.791279
          ],
          [
            34.958441,
            32.791394
          ],
          [
            34.958366,
            32.791488
          ],
          [
            34.958188,
            32.791677
          ],
          [
            34.95813,
            32.791728
          ],
          [
            34.958065,
            32.79179
          ],
          [
            34.957999,
            32.791836
          ],
          [
            34.95792,
            32.791913
          ],
          [
            34.957881,
            32.791961
          ],
          [
            34.957831,
            32.792024
          ],
          [
            34.957783,
            32.792098
          ],
          [
            34.957737,
            32.792185
          ],
          [
            34.957721,
            32.792231
          ],
          [
            34.957707,
            32.792282
          ],
          [
            34.957701,
            32.792308
          ],
          [
            34.957687,
            32.792386
          ],
          [
            34.95768,
            32.792433
          ],
          [
            34.957683,
            32.792558
          ],
          [
            34.957723,
            32.792638
          ],
          [
            34.957743,
            32.79267
          ],
          [
            34.957763,
            32.792695
          ],
          [
            34.957802,
            32.792736
          ],
          [
            34.957842,
            32.792766
          ],
          [
            34.957879,
            32.792788
          ],
          [
            34.95792,
            32.792805
          ],
          [
            34.957965,
            32.792813
          ],
          [
            34.958019,
            32.792819
          ],
          [
            34.958096,
            32.792817
          ],
          [
            34.958198,
            32.792808
          ],
          [
            34.958668,
            32.792745
          ],
          [
            34.958816,
            32.792743
          ],
          [
            34.958936,
            32.792752
          ],
          [
            34.958996,
            32.792763
          ],
          [
            34.959026,
            32.792768
          ],
          [
            34.959115,
            32.792788
          ],
          [
            34.959214,
            32.792815
          ],
          [
            34.959336,
            32.792864
          ],
          [
            34.959465,
            32.792924
          ],
          [
            34.959578,
            32.79298
          ],
          [
            34.959664,
            32.793026
          ],
          [
            34.959738,
            32.793094
          ],
          [
            34.959762,
            32.79312
          ],
          [
            34.959784,
            32.79315
          ],
          [
            34.959798,
            32.793181
          ],
          [
            34.959801,
            32.793196
          ],
          [
            34.959805,
            32.793213
          ],
          [
            34.959804,
            32.79324
          ],
          [
            34.959793,
            32.793265
          ],
          [
            34.959774,
            32.793286
          ],
          [
            34.959742,
            32.793305
          ],
          [
            34.959702,
            32.793323
          ],
          [
            34.959587,
            32.793323
          ]
        ]
      }
    },
    {
      "type": "Feature",
      "properties": {
        "type": "original_route_stop",
        "stop_code": "41048",
        "stop_name": "בר רב האי/סעדיה הגאון",
        "marker-color": "#2ca02c",
        "marker-symbol": "bus",
        "marker-size": "medium"
      },
      "geometry": {
        "type": "Point",
        "coordinates": [
          34.963607,
          32.817993
        ]
      }
    },
    {
      "type": "Feature",
      "properties": {
        "type": "original_route_stop",
        "stop_code": "41049",
        "stop_name": "בר רב האי/מרסיי",
        "marker-color": "#2ca02c",
        "marker-symbol": "bus",
        "marker-size": "medium"
      },
      "geometry": {
        "type": "Point",
        "coordinates": [
          34.96155,
          32.817706
        ]
      }
    },
    {
      "type": "Feature",
      "properties": {
        "type": "original_route_stop",
        "stop_code": "41047",
        "stop_name": "מרסיי/בר רב האי",
        "marker-color": "#2ca02c",
        "marker-symbol": "bus",
        "marker-size": "medium"
      },
      "geometry": {
        "type": "Point",
        "coordinates": [
          34.96013,
          32.818035
        ]
      }
    },
    {
      "type": "Feature",
      "properties": {
        "type": "original_route_stop",
        "stop_code": "41052",
        "stop_name": "מרסיי/דרך צרפת",
        "marker-color": "#2ca02c",
        "marker-symbol": "bus",
        "marker-size": "medium"
      },
      "geometry": {
        "type": "Point",
        "coordinates": [
          34.961148,
          32.819499
        ]
      }
    },
    {
      "type": "Feature",
      "properties": {
        "type": "original_route_stop",
        "stop_code": "41053",
        "stop_name": "דרך צרפת/יציאת אירופה",
        "marker-color": "#2ca02c",
        "marker-symbol": "bus",
        "marker-size": "medium"
      },
      "geometry": {
        "type": "Point",
        "coordinates": [
          34.959306,
          32.820214
        ]
      }
    },
    {
      "type": "Feature",
      "properties": {
        "type": "original_route_stop",
        "stop_code": "41057",
        "stop_name": "יציאת אירופה/זורס",
        "marker-color": "#2ca02c",
        "marker-symbol": "bus",
        "marker-size": "medium"
      },
      "geometry": {
        "type": "Point",
        "coordinates": [
          34.95928,
          32.82206
        ]
      }
    },
    {
      "type": "Feature",
      "properties": {
        "type": "original_route_stop",
        "stop_code": "42631",
        "stop_name": "פייר קניג",
        "marker-color": "#2ca02c",
        "marker-symbol": "bus",
        "marker-size": "medium"
      },
      "geometry": {
        "type": "Point",
        "coordinates": [
          34.96062,
          32.824294
        ]
      }
    },
    {
      "type": "Feature",
      "properties": {
        "type": "original_route_stop",
        "stop_code": "41095",
        "stop_name": "העוגן/פייר קניג",
        "marker-color": "#2ca02c",
        "marker-symbol": "bus",
        "marker-size": "medium"
      },
      "geometry": {
        "type": "Point",
        "coordinates": [
          34.962836,
          32.825926
        ]
      }
    },
    {
      "type": "Feature",
      "properties": {
        "type": "original_route_stop",
        "stop_code": "41096",
        "stop_name": "העוגן/יאיר שטרן",
        "marker-color": "#2ca02c",
        "marker-symbol": "bus",
        "marker-size": "medium"
      },
      "geometry": {
        "type": "Point",
        "coordinates": [
          34.963871,
          32.827509
        ]
      }
    },
    {
      "type": "Feature",
      "properties": {
        "type": "original_route_stop",
        "stop_code": "47724",
        "stop_name": "העוגן/התורן",
        "marker-color": "#2ca02c",
        "marker-symbol": "bus",
        "marker-size": "medium"
      },
      "geometry": {
        "type": "Point",
        "coordinates": [
          34.963782,
          32.829029
        ]
      }
    },
    {
      "type": "Feature",
      "properties": {
        "type": "original_route_stop",
        "stop_code": "42208",
        "stop_name": "אלנבי",
        "marker-color": "#2ca02c",
        "marker-symbol": "bus",
        "marker-size": "medium"
      },
      "geometry": {
        "type": "Point",
        "coordinates": [
          34.970092,
          32.830346
        ]
      }
    },
    {
      "type": "Feature",
      "properties": {
        "type": "original_route_stop",
        "stop_code": "41113",
        "stop_name": "ההגנה/יואב",
        "marker-color": "#2ca02c",
        "marker-symbol": "bus",
        "marker-size": "medium"
      },
      "geometry": {
        "type": "Point",
        "coordinates": [
          34.975488,
          32.830145
        ]
      }
    },
    {
      "type": "Feature",
      "properties": {
        "type": "original_route_stop",
        "stop_code": "41156",
        "stop_name": "אבנר/ההגנה",
        "marker-color": "#2ca02c",
        "marker-symbol": "bus",
        "marker-size": "medium"
      },
      "geometry": {
        "type": "Point",
        "coordinates": [
          34.978458,
          32.82898
        ]
      }
    },
    {
      "type": "Feature",
      "properties": {
        "type": "original_route_stop",
        "stop_code": "41152",
        "stop_name": "יואב/אבנר",
        "marker-color": "#2ca02c",
        "marker-symbol": "bus",
        "marker-size": "medium"
      },
      "geometry": {
        "type": "Point",
        "coordinates": [
          34.976894,
          32.828934
        ]
      }
    },
    {
      "type": "Feature",
      "properties": {
        "type": "original_route_stop",
        "stop_code": "41759",
        "stop_name": "יואב/צהל",
        "marker-color": "#2ca02c",
        "marker-symbol": "bus",
        "marker-size": "medium"
      },
      "geometry": {
        "type": "Point",
        "coordinates": [
          34.974494,
          32.829263
        ]
      }
    },
    {
      "type": "Feature",
      "properties": {
        "type": "original_route_stop",
        "stop_code": "41147",
        "stop_name": "קופת חולים/צהל",
        "marker-color": "#2ca02c",
        "marker-symbol": "bus",
        "marker-size": "medium"
      },
      "geometry": {
        "type": "Point",
        "coordinates": [
          34.97598,
          32.827736
        ]
      }
    },
    {
      "type": "Feature",
      "properties": {
        "type": "original_route_stop",
        "stop_code": "41148",
        "stop_name": "צהל/עמל",
        "marker-color": "#2ca02c",
        "marker-symbol": "bus",
        "marker-size": "medium"
      },
      "geometry": {
        "type": "Point",
        "coordinates": [
          34.978722,
          32.826797
        ]
      }
    },
    {
      "type": "Feature",
      "properties": {
        "type": "original_route_stop",
        "stop_code": "41149",
        "stop_name": "צה''ל/ניל''י",
        "marker-color": "#2ca02c",
        "marker-symbol": "bus",
        "marker-size": "medium"
      },
      "geometry": {
        "type": "Point",
        "coordinates": [
          34.980713,
          32.825205
        ]
      }
    },
    {
      "type": "Feature",
      "properties": {
        "type": "original_route_stop",
        "stop_code": "41150",
        "stop_name": "צה''ל/דרור",
        "marker-color": "#2ca02c",
        "marker-symbol": "bus",
        "marker-size": "medium"
      },
      "geometry": {
        "type": "Point",
        "coordinates": [
          34.982171,
          32.824
        ]
      }
    },
    {
      "type": "Feature",
      "properties": {
        "type": "original_route_stop",
        "stop_code": "41151",
        "stop_name": "צהל/רוטשילד",
        "marker-color": "#2ca02c",
        "marker-symbol": "bus",
        "marker-size": "medium"
      },
      "geometry": {
        "type": "Point",
        "coordinates": [
          34.98378,
          32.823885
        ]
      }
    },
    {
      "type": "Feature",
      "properties": {
        "type": "original_route_stop",
        "stop_code": "47881",
        "stop_name": "בית חולים איטלקי/המגינים",
        "marker-color": "#2ca02c",
        "marker-symbol": "bus",
        "marker-size": "medium"
      },
      "geometry": {
        "type": "Point",
        "coordinates": [
          34.989222,
          32.822102
        ]
      }
    },
    {
      "type": "Feature",
      "properties": {
        "type": "original_route_stop",
        "stop_code": "41289",
        "stop_name": "קרית הממשלה/פל ים",
        "marker-color": "#2ca02c",
        "marker-symbol": "bus",
        "marker-size": "medium"
      },
      "geometry": {
        "type": "Point",
        "coordinates": [
          35.000997,
          32.815969
        ]
      }
    },
    {
      "type": "Feature",
      "properties": {
        "type": "original_route_stop",
        "stop_code": "43108",
        "stop_name": "פלים/קיבוץ גלויות",
        "marker-color": "#2ca02c",
        "marker-symbol": "bus",
        "marker-size": "medium"
      },
      "geometry": {
        "type": "Point",
        "coordinates": [
          35.00326,
          32.813492
        ]
      }
    },
    {
      "type": "Feature",
      "properties": {
        "type": "original_route_stop",
        "stop_code": "42747",
        "stop_name": "שיבת ציון/מעלה השחרור",
        "marker-color": "#2ca02c",
        "marker-symbol": "bus",
        "marker-size": "medium"
      },
      "geometry": {
        "type": "Point",
        "coordinates": [
          35.001833,
          32.813982
        ]
      }
    },
    {
      "type": "Feature",
      "properties": {
        "type": "original_route_stop",
        "stop_code": "41288",
        "stop_name": "דאר/מעלה השחרור",
        "marker-color": "#2ca02c",
        "marker-symbol": "bus",
        "marker-size": "medium"
      },
      "geometry": {
        "type": "Point",
        "coordinates": [
          35.000469,
          32.813784
        ]
      }
    },
    {
      "type": "Feature",
      "properties": {
        "type": "original_route_stop",
        "stop_code": "41283",
        "stop_name": "שמריהו לוין/אבן סינא",
        "marker-color": "#2ca02c",
        "marker-symbol": "bus",
        "marker-size": "medium"
      },
      "geometry": {
        "type": "Point",
        "coordinates": [
          34.998063,
          32.813476
        ]
      }
    },
    {
      "type": "Feature",
      "properties": {
        "type": "original_route_stop",
        "stop_code": "42866",
        "stop_name": "העירייה",
        "marker-color": "#2ca02c",
        "marker-symbol": "bus",
        "marker-size": "medium"
      },
      "geometry": {
        "type": "Point",
        "coordinates": [
          34.997602,
          32.812464
        ]
      }
    },
    {
      "type": "Feature",
      "properties": {
        "type": "original_route_stop",
        "stop_code": "41709",
        "stop_name": "הרצל/הלל יפה",
        "marker-color": "#2ca02c",
        "marker-symbol": "bus",
        "marker-size": "medium"
      },
      "geometry": {
        "type": "Point",
        "coordinates": [
          34.998423,
          32.810287
        ]
      }
    },
    {
      "type": "Feature",
      "properties": {
        "type": "original_route_stop",
        "stop_code": "43093",
        "stop_name": "הרצל/חיים וייצמן",
        "marker-color": "#2ca02c",
        "marker-symbol": "bus",
        "marker-size": "medium"
      },
      "geometry": {
        "type": "Point",
        "coordinates": [
          34.999343,
          32.809048
        ]
      }
    },
    {
      "type": "Feature",
      "properties": {
        "type": "original_route_stop",
        "stop_code": "41698",
        "stop_name": "שוק תלפיות/ארלוזורוב",
        "marker-color": "#2ca02c",
        "marker-symbol": "bus",
        "marker-size": "medium"
      },
      "geometry": {
        "type": "Point",
        "coordinates": [
          35.000565,
          32.807448
        ]
      }
    },
    {
      "type": "Feature",
      "properties": {
        "type": "original_route_stop",
        "stop_code": "42698",
        "stop_name": "ארלוזורוב/מיכאל",
        "marker-color": "#2ca02c",
        "marker-symbol": "bus",
        "marker-size": "medium"
      },
      "geometry": {
        "type": "Point",
        "coordinates": [
          35.000709,
          32.805854
        ]
      }
    },
    {
      "type": "Feature",
      "properties": {
        "type": "original_route_stop",
        "stop_code": "41248",
        "stop_name": "הפועל/ציפורה זייד",
        "marker-color": "#2ca02c",
        "marker-symbol": "bus",
        "marker-size": "medium"
      },
      "geometry": {
        "type": "Point",
        "coordinates": [
          34.996404,
          32.804305
        ]
      }
    },
    {
      "type": "Feature",
      "properties": {
        "type": "original_route_stop",
        "stop_code": "42121",
        "stop_name": "בית ספר בית יעקב/המיימוני",
        "marker-color": "#2ca02c",
        "marker-symbol": "bus",
        "marker-size": "medium"
      },
      "geometry": {
        "type": "Point",
        "coordinates": [
          34.995862,
          32.803703
        ]
      }
    },
    {
      "type": "Feature",
      "properties": {
        "type": "original_route_stop",
        "stop_code": "42280",
        "stop_name": "ליאון בלום/רמב''ן",
        "marker-color": "#2ca02c",
        "marker-symbol": "bus",
        "marker-size": "medium"
      },
      "geometry": {
        "type": "Point",
        "coordinates": [
          34.998495,
          32.801253
        ]
      }
    },
    {
      "type": "Feature",
      "properties": {
        "type": "original_route_stop",
        "stop_code": "41629",
        "stop_name": "לאון בלום/חנה סנש",
        "marker-color": "#2ca02c",
        "marker-symbol": "bus",
        "marker-size": "medium"
      },
      "geometry": {
        "type": "Point",
        "coordinates": [
          35.000669,
          32.799527
        ]
      }
    },
    {
      "type": "Feature",
      "properties": {
        "type": "original_route_stop",
        "stop_code": "41225",
        "stop_name": "ליאון בלום",
        "marker-color": "#2ca02c",
        "marker-symbol": "bus",
        "marker-size": "medium"
      },
      "geometry": {
        "type": "Point",
        "coordinates": [
          34.998088,
          32.798677
        ]
      }
    },
    {
      "type": "Feature",
      "properties": {
        "type": "original_route_stop",
        "stop_code": "41226",
        "stop_name": "ליאון בלום/ויינגייט",
        "marker-color": "#2ca02c",
        "marker-symbol": "bus",
        "marker-size": "medium"
      },
      "geometry": {
        "type": "Point",
        "coordinates": [
          34.996422,
          32.799383
        ]
      }
    },
    {
      "type": "Feature",
      "properties": {
        "type": "original_route_stop",
        "stop_code": "41559",
        "stop_name": "קיש/האסיף",
        "marker-color": "#2ca02c",
        "marker-symbol": "bus",
        "marker-size": "medium"
      },
      "geometry": {
        "type": "Point",
        "coordinates": [
          34.994715,
          32.80069
        ]
      }
    },
    {
      "type": "Feature",
      "properties": {
        "type": "original_route_stop",
        "stop_code": "41560",
        "stop_name": "קיש/הנרייטה סאלד",
        "marker-color": "#2ca02c",
        "marker-symbol": "bus",
        "marker-size": "medium"
      },
      "geometry": {
        "type": "Point",
        "coordinates": [
          34.993051,
          32.801436
        ]
      }
    },
    {
      "type": "Feature",
      "properties": {
        "type": "original_route_stop",
        "stop_code": "42223",
        "stop_name": "קיש/יפה נוף",
        "marker-color": "#2ca02c",
        "marker-symbol": "bus",
        "marker-size": "medium"
      },
      "geometry": {
        "type": "Point",
        "coordinates": [
          34.991337,
          32.802226
        ]
      }
    },
    {
      "type": "Feature",
      "properties": {
        "type": "original_route_stop",
        "stop_code": "41557",
        "stop_name": "בית חולים אלישע/ווגווד",
        "marker-color": "#2ca02c",
        "marker-symbol": "bus",
        "marker-size": "medium"
      },
      "geometry": {
        "type": "Point",
        "coordinates": [
          34.990438,
          32.801774
        ]
      }
    },
    {
      "type": "Feature",
      "properties": {
        "type": "original_route_stop",
        "stop_code": "42816",
        "stop_name": "ווגווד/הנשיא",
        "marker-color": "#2ca02c",
        "marker-symbol": "bus",
        "marker-size": "medium"
      },
      "geometry": {
        "type": "Point",
        "coordinates": [
          34.987595,
          32.80252
        ]
      }
    },
    {
      "type": "Feature",
      "properties": {
        "type": "original_route_stop",
        "stop_code": "43087",
        "stop_name": "מרכז הכרמל/דרך הים",
        "marker-color": "#2ca02c",
        "marker-symbol": "bus",
        "marker-size": "medium"
      },
      "geometry": {
        "type": "Point",
        "coordinates": [
          34.986814,
          32.804146
        ]
      }
    },
    {
      "type": "Feature",
      "properties": {
        "type": "original_route_stop",
        "stop_code": "42679",
        "stop_name": "דרך הים/הדסים",
        "marker-color": "#2ca02c",
        "marker-symbol": "bus",
        "marker-size": "medium"
      },
      "geometry": {
        "type": "Point",
        "coordinates": [
          34.983293,
          32.805165
        ]
      }
    },
    {
      "type": "Feature",
      "properties": {
        "type": "original_route_stop",
        "stop_code": "42336",
        "stop_name": "דרך הים/אשכולות",
        "marker-color": "#2ca02c",
        "marker-symbol": "bus",
        "marker-size": "medium"
      },
      "geometry": {
        "type": "Point",
        "coordinates": [
          34.980707,
          32.806403
        ]
      }
    },
    {
      "type": "Feature",
      "properties": {
        "type": "original_route_stop",
        "stop_code": "42337",
        "stop_name": "דרך הים/הנרקיסים",
        "marker-color": "#2ca02c",
        "marker-symbol": "bus",
        "marker-size": "medium"
      },
      "geometry": {
        "type": "Point",
        "coordinates": [
          34.978343,
          32.807784
        ]
      }
    },
    {
      "type": "Feature",
      "properties": {
        "type": "original_route_stop",
        "stop_code": "42338",
        "stop_name": "דרך הים/הרקפות",
        "marker-color": "#2ca02c",
        "marker-symbol": "bus",
        "marker-size": "medium"
      },
      "geometry": {
        "type": "Point",
        "coordinates": [
          34.976787,
          32.80837
        ]
      }
    },
    {
      "type": "Feature",
      "properties": {
        "type": "original_route_stop",
        "stop_code": "41034",
        "stop_name": "מלון הר כרמל/דרך הים",
        "marker-color": "#2ca02c",
        "marker-symbol": "bus",
        "marker-size": "medium"
      },
      "geometry": {
        "type": "Point",
        "coordinates": [
          34.974772,
          32.810301
        ]
      }
    },
    {
      "type": "Feature",
      "properties": {
        "type": "original_route_stop",
        "stop_code": "41037",
        "stop_name": "דרך הים/התמר",
        "marker-color": "#2ca02c",
        "marker-symbol": "bus",
        "marker-size": "medium"
      },
      "geometry": {
        "type": "Point",
        "coordinates": [
          34.972209,
          32.810427
        ]
      }
    },
    {
      "type": "Feature",
      "properties": {
        "type": "original_route_stop",
        "stop_code": "41039",
        "stop_name": "התמר/אגמון",
        "marker-color": "#2ca02c",
        "marker-symbol": "bus",
        "marker-size": "medium"
      },
      "geometry": {
        "type": "Point",
        "coordinates": [
          34.971022,
          32.81226
        ]
      }
    },
    {
      "type": "Feature",
      "properties": {
        "type": "original_route_stop",
        "stop_code": "42240",
        "stop_name": "התמר/החרוב",
        "marker-color": "#2ca02c",
        "marker-symbol": "bus",
        "marker-size": "medium"
      },
      "geometry": {
        "type": "Point",
        "coordinates": [
          34.968488,
          32.813153
        ]
      }
    },
    {
      "type": "Feature",
      "properties": {
        "type": "original_route_stop",
        "stop_code": "42241",
        "stop_name": "דרך הים/התמר",
        "marker-color": "#2ca02c",
        "marker-symbol": "bus",
        "marker-size": "medium"
      },
      "geometry": {
        "type": "Point",
        "coordinates": [
          34.967167,
          32.813877
        ]
      }
    },
    {
      "type": "Feature",
      "properties": {
        "type": "original_route_stop",
        "stop_code": "41044",
        "stop_name": "דרך הים/דולב",
        "marker-color": "#2ca02c",
        "marker-symbol": "bus",
        "marker-size": "medium"
      },
      "geometry": {
        "type": "Point",
        "coordinates": [
          34.966883,
          32.815638
        ]
      }
    },
    {
      "type": "Feature",
      "properties": {
        "type": "original_route_stop",
        "stop_code": "41040",
        "stop_name": "דרך הים/הולצברג",
        "marker-color": "#2ca02c",
        "marker-symbol": "bus",
        "marker-size": "medium"
      },
      "geometry": {
        "type": "Point",
        "coordinates": [
          34.963507,
          32.816359
        ]
      }
    },
    {
      "type": "Feature",
      "properties": {
        "type": "original_route_stop",
        "stop_code": "41042",
        "stop_name": "בית חולים 10/דרך הים",
        "marker-color": "#2ca02c",
        "marker-symbol": "bus",
        "marker-size": "medium"
      },
      "geometry": {
        "type": "Point",
        "coordinates": [
          34.962338,
          32.815548
        ]
      }
    },
    {
      "type": "Feature",
      "properties": {
        "type": "original_route_stop",
        "stop_code": "41026",
        "stop_name": "אצל/הרותם",
        "marker-color": "#2ca02c",
        "marker-symbol": "bus",
        "marker-size": "medium"
      },
      "geometry": {
        "type": "Point",
        "coordinates": [
          34.959153,
          32.813612
        ]
      }
    },
    {
      "type": "Feature",
      "properties": {
        "type": "original_route_stop",
        "stop_code": "41024",
        "stop_name": "המלך דוד/אצל",
        "marker-color": "#2ca02c",
        "marker-symbol": "bus",
        "marker-size": "medium"
      },
      "geometry": {
        "type": "Point",
        "coordinates": [
          34.958412,
          32.811814
        ]
      }
    },
    {
      "type": "Feature",
      "properties": {
        "type": "original_route_stop",
        "stop_code": "41848",
        "stop_name": "המלך דוד/המלך עוזיהו",
        "marker-color": "#2ca02c",
        "marker-symbol": "bus",
        "marker-size": "medium"
      },
      "geometry": {
        "type": "Point",
        "coordinates": [
          34.958979,
          32.810059
        ]
      }
    },
    {
      "type": "Feature",
      "properties": {
        "type": "original_route_stop",
        "stop_code": "41849",
        "stop_name": "המלך דוד/המלך אסא",
        "marker-color": "#2ca02c",
        "marker-symbol": "bus",
        "marker-size": "medium"
      },
      "geometry": {
        "type": "Point",
        "coordinates": [
          34.959255,
          32.809219
        ]
      }
    },
    {
      "type": "Feature",
      "properties": {
        "type": "original_route_stop",
        "stop_code": "42678",
        "stop_name": "המלך חזקיהו/המלך יהושפט",
        "marker-color": "#2ca02c",
        "marker-symbol": "bus",
        "marker-size": "medium"
      },
      "geometry": {
        "type": "Point",
        "coordinates": [
          34.960872,
          32.808685
        ]
      }
    },
    {
      "type": "Feature",
      "properties": {
        "type": "original_route_stop",
        "stop_code": "41836",
        "stop_name": "המלך שלמה/המלך חזקיהו",
        "marker-color": "#2ca02c",
        "marker-symbol": "bus",
        "marker-size": "medium"
      },
      "geometry": {
        "type": "Point",
        "coordinates": [
          34.96185,
          32.808936
        ]
      }
    },
    {
      "type": "Feature",
      "properties": {
        "type": "original_route_stop",
        "stop_code": "47342",
        "stop_name": "המלך שלמה/המלך שאול",
        "marker-color": "#2ca02c",
        "marker-symbol": "bus",
        "marker-size": "medium"
      },
      "geometry": {
        "type": "Point",
        "coordinates": [
          34.962806,
          32.807377
        ]
      }
    },
    {
      "type": "Feature",
      "properties": {
        "type": "original_route_stop",
        "stop_code": "41837",
        "stop_name": "המלך שלמה/המלך שאול א",
        "marker-color": "#2ca02c",
        "marker-symbol": "bus",
        "marker-size": "medium"
      },
      "geometry": {
        "type": "Point",
        "coordinates": [
          34.963105,
          32.806574
        ]
      }
    },
    {
      "type": "Feature",
      "properties": {
        "type": "original_route_stop",
        "stop_code": "42152",
        "stop_name": "בית עלמין/שער אורן",
        "marker-color": "#2ca02c",
        "marker-symbol": "bus",
        "marker-size": "medium"
      },
      "geometry": {
        "type": "Point",
        "coordinates": [
          34.964784,
          32.80517
        ]
      }
    },
    {
      "type": "Feature",
      "properties": {
        "type": "original_route_stop",
        "stop_code": "41754",
        "stop_name": "בית עלמין/שער ברוש",
        "marker-color": "#2ca02c",
        "marker-symbol": "bus",
        "marker-size": "medium"
      },
      "geometry": {
        "type": "Point",
        "coordinates": [
          34.966698,
          32.802746
        ]
      }
    },
    {
      "type": "Feature",
      "properties": {
        "type": "original_route_stop",
        "stop_code": "47347",
        "stop_name": "בית עלמין/שער הדס",
        "marker-color": "#2ca02c",
        "marker-symbol": "bus",
        "marker-size": "medium"
      },
      "geometry": {
        "type": "Point",
        "coordinates": [
          34.967316,
          32.80061
        ]
      }
    },
    {
      "type": "Feature",
      "properties": {
        "type": "original_route_stop",
        "stop_code": "41755",
        "stop_name": "בית עלמין/שער תמר",
        "marker-color": "#2ca02c",
        "marker-symbol": "bus",
        "marker-size": "medium"
      },
      "geometry": {
        "type": "Point",
        "coordinates": [
          34.967039,
          32.798602
        ]
      }
    },
    {
      "type": "Feature",
      "properties": {
        "type": "original_route_stop",
        "stop_code": "47344",
        "stop_name": "מגורשי ספרד/מסילת ישרים",
        "marker-color": "#2ca02c",
        "marker-symbol": "bus",
        "marker-size": "medium"
      },
      "geometry": {
        "type": "Point",
        "coordinates": [
          34.966987,
          32.797392
        ]
      }
    },
    {
      "type": "Feature",
      "properties": {
        "type": "original_route_stop",
        "stop_code": "41997",
        "stop_name": "אכסנית הנוער/מגורשי ספרד",
        "marker-color": "#2ca02c",
        "marker-symbol": "bus",
        "marker-size": "medium"
      },
      "geometry": {
        "type": "Point",
        "coordinates": [
          34.967062,
          32.794642
        ]
      }
    },
    {
      "type": "Feature",
      "properties": {
        "type": "original_route_stop",
        "stop_code": "41998",
        "stop_name": "ספורטן/צביה ויצחק",
        "marker-color": "#2ca02c",
        "marker-symbol": "bus",
        "marker-size": "medium"
      },
      "geometry": {
        "type": "Point",
        "coordinates": [
          34.965531,
          32.794407
        ]
      }
    },
    {
      "type": "Feature",
      "properties": {
        "type": "original_route_stop",
        "stop_code": "42503",
        "stop_name": "מרכז הקונגרסים/קדושי יסי",
        "marker-color": "#2ca02c",
        "marker-symbol": "bus",
        "marker-size": "medium"
      },
      "geometry": {
        "type": "Point",
        "coordinates": [
          34.964341,
          32.791559
        ]
      }
    },
    {
      "type": "Feature",
      "properties": {
        "type": "original_route_stop",
        "stop_code": "42656",
        "stop_name": "מת''מ",
        "marker-color": "#2ca02c",
        "marker-symbol": "bus",
        "marker-size": "medium"
      },
      "geometry": {
        "type": "Point",
        "coordinates": [
          34.96134,
          32.790385
        ]
      }
    },
    {
      "type": "Feature",
      "properties": {
        "type": "original_route_stop",
        "stop_code": "42501",
        "stop_name": "סחרוב",
        "marker-color": "#2ca02c",
        "marker-symbol": "bus",
        "marker-size": "medium"
      },
      "geometry": {
        "type": "Point",
        "coordinates": [
          34.958675,
          32.790898
        ]
      }
    },
    {
      "type": "Feature",
      "properties": {
        "type": "original_route_stop",
        "stop_code": "42657",
        "stop_name": "ת. מרכזית חוף הכרמל/הורדה",
        "marker-color": "#2ca02c",
        "marker-symbol": "bus",
        "marker-size": "medium"
      },
      "geometry": {
        "type": "Point",
        "coordinates": [
          34.959587,
          32.793368
        ]
      }
    },
    {
      "type": "Feature",
      "properties": {
        "type": "cancelled_stop",
        "stop_code": "43109",
        "stop_name": "המגינים/עין דור",
        "marker-color": "#ff0000",
        "marker-symbol": "bus",
        "marker-size": "medium"
      },
      "geometry": {
        "type": "Point",
        "coordinates": [
          34.993514,
          32.820273
        ]
      }
    },
    {
      "type": "Feature",
      "properties": {
        "type": "cancelled_stop",
        "stop_code": "41169",
        "stop_name": "המגינים/הבנקים",
        "marker-color": "#ff0000",
        "marker-symbol": "bus",
        "marker-size": "medium"
      },
      "geometry": {
        "type": "Point",
        "coordinates": [
          34.995871,
          32.819225
        ]
      }
    },
    {
      "type": "Feature",
      "properties": {
        "type": "new_stop",
        "stop_code": "42956",
        "stop_name": "העצמאות/שדרות בן גוריון",
        "marker-color": "#1f9ed6",
        "marker-symbol": "bus",
        "marker-size": "medium"
      },
      "geometry": {
        "type": "Point",
        "coordinates": [
          34.992828,
          32.823547
        ]
      }
    },
    {
      "type": "Feature",
      "properties": {
        "type": "new_stop",
        "stop_code": "41540",
        "stop_name": "תחנת רכבת חיפה מרכז השמונה",
        "marker-color": "#1f9ed6",
        "marker-symbol": "bus",
        "marker-size": "medium"
      },
      "geometry": {
        "type": "Point",
        "coordinates": [
          34.99685,
          32.820918
        ]
      }
    },
    {
      "type": "Feature",
      "properties": {
        "type": "reported_block_stop",
        "stop_code": "43109",
        "stop_name": "המגינים/עין דור",
        "marker-color": "#ff8800",
        "marker-symbol": "bus",
        "marker-size": "medium"
      },
      "geometry": {
        "type": "Point",
        "coordinates": [
          34.993514,
          32.820273
        ]
      }
    },
    {
      "type": "Feature",
      "properties": {
        "type": "reported_block_stop",
        "stop_code": "41169",
        "stop_name": "המגינים/הבנקים",
        "marker-color": "#ff8800",
        "marker-symbol": "bus",
        "marker-size": "medium"
      },
      "geometry": {
        "type": "Point",
        "coordinates": [
          34.995871,
          32.819225
        ]
      }
    },
    {
      "type": "Feature",
      "properties": {
        "type": "deviate_from_stop",
        "stop_code": "41539",
        "stop_name": "המגינים/בן גוריון",
        "marker-color": "#8000ff",
        "marker-symbol": "bus",
        "marker-size": "medium"
      },
      "geometry": {
        "type": "Point",
        "coordinates": [
          34.990833,
          32.821417
        ]
      }
    },
    {
      "type": "Feature",
      "properties": {
        "type": "deviate_to_stop",
        "stop_code": "42723",
        "stop_name": "המגינים/ככר ההגנה",
        "marker-color": "#8000ff",
        "marker-symbol": "bus",
        "marker-size": "medium"
      },
      "geometry": {
        "type": "Point",
        "coordinates": [
          34.997616,
          32.818272
        ]
      }
    }
  ]
}