{
  "type": "FeatureCollection",
  "features": [
    {
      "type": "Feature",
      "properties": {
        "type": "deviation_path",
        "trip_id": "1306297_020826",
        "shape_id": "141311",
        "stroke": "#00bcd4",
        "stroke-width": 3,
        "stroke-opacity": 0.95
      },
      "geometry": {
        "type": "LineString",
        "coordinates": [
          [
            35.0114566275093,
            32.795419544237916
          ],
          [
            35.011532,
            32.795383
          ],
          [
            35.011769,
            32.795249
          ],
          [
            35.012215,
            32.795006
          ],
          [
            35.012492,
            32.794842
          ],
          [
            35.012713,
            32.794683
          ],
          [
            35.013183,
            32.794363
          ],
          [
            35.013389,
            32.794226
          ],
          [
            35.013815,
            32.79392
          ],
          [
            35.014077,
            32.793721
          ],
          [
            35.014728,
            32.793238
          ],
          [
            35.014849,
            32.793152
          ],
          [
            35.015174,
            32.792898
          ],
          [
            35.015676,
            32.792535
          ],
          [
            35.016203,
            32.792147
          ],
          [
            35.016327,
            32.792019
          ],
          [
            35.016795,
            32.791535
          ],
          [
            35.0169,
            32.791421
          ],
          [
            35.018001,
            32.790369
          ],
          [
            35.018291,
            32.790089
          ],
          [
            35.018425,
            32.78987
          ],
          [
            35.018426,
            32.789856
          ],
          [
            35.018428,
            32.789847
          ],
          [
            35.01843,
            32.789837
          ],
          [
            35.018437,
            32.789817
          ],
          [
            35.018453,
            32.789785
          ],
          [
            35.018466,
            32.789764
          ],
          [
            35.018473,
            32.789753
          ],
          [
            35.01849,
            32.789732
          ],
          [
            35.018505,
            32.789715
          ],
          [
            35.018527,
            32.789693
          ],
          [
            35.018559,
            32.789666
          ],
          [
            35.018591,
            32.789644
          ],
          [
            35.018603,
            32.789638
          ],
          [
            35.018701,
            32.789562
          ],
          [
            35.018768,
            32.789515
          ],
          [
            35.018855,
            32.789436
          ],
          [
            35.018922,
            32.789364
          ],
          [
            35.019019,
            32.789256
          ],
          [
            35.019534,
            32.7886
          ],
          [
            35.019747,
            32.788329
          ],
          [
            35.019784,
            32.788285
          ],
          [
            35.019965,
            32.788064
          ],
          [
            35.020044,
            32.787969
          ],
          [
            35.020339,
            32.787588
          ],
          [
            35.020585,
            32.787239
          ],
          [
            35.020643,
            32.787153
          ],
          [
            35.020626,
            32.787139
          ],
          [
            35.02061,
            32.787117
          ],
          [
            35.020603,
            32.787086
          ],
          [
            35.020606,
            32.78706
          ],
          [
            35.020323,
            32.786852
          ],
          [
            35.0201,
            32.78672
          ],
          [
            35.019497,
            32.786345
          ],
          [
            35.019477,
            32.78635
          ],
          [
            35.019462,
            32.786352
          ],
          [
            35.019447,
            32.786351
          ],
          [
            35.019431,
            32.786349
          ],
          [
            35.019415,
            32.786346
          ],
          [
            35.019391,
            32.786338
          ],
          [
            35.019369,
            32.786326
          ],
          [
            35.019346,
            32.786311
          ],
          [
            35.019328,
            32.786296
          ],
          [
            35.019313,
            32.786278
          ],
          [
            35.019304,
            32.786265
          ],
          [
            35.019295,
            32.786245
          ],
          [
            35.019289,
            32.786226
          ],
          [
            35.019288,
            32.786207
          ],
          [
            35.01929,
            32.786198
          ],
          [
            35.018107,
            32.785461
          ],
          [
            35.017859,
            32.785322
          ],
          [
            35.017783,
            32.785276
          ],
          [
            35.017589,
            32.785149
          ],
          [
            35.01734881920436,
            32.784993993451266
          ]
        ]
      }
    },
    {
      "type": "Feature",
      "properties": {
        "type": "original_route_shape",
        "shape_id": "141304",
        "stroke": "#1f2a7a",
        "stroke-width": 3,
        "stroke-opacity": 0.85
      },
      "geometry": {
        "type": "LineString",
        "coordinates": [
          [
            34.95902515158017,
            32.79385386773115
          ],
          [
            34.959282,
            32.793853
          ],
          [
            34.959358,
            32.793853
          ],
          [
            34.960173,
            32.793858
          ],
          [
            34.960253,
            32.793852
          ],
          [
            34.960296,
            32.79384
          ],
          [
            34.960335,
            32.793818
          ],
          [
            34.960355,
            32.793791
          ],
          [
            34.960369,
            32.793765
          ],
          [
            34.960372,
            32.79373
          ],
          [
            34.960369,
            32.793703
          ],
          [
            34.960361,
            32.793666
          ],
          [
            34.960344,
            32.793643
          ],
          [
            34.960289,
            32.793573
          ],
          [
            34.960238,
            32.793518
          ],
          [
            34.960143,
            32.793429
          ],
          [
            34.960092,
            32.793393
          ],
          [
            34.960027,
            32.793343
          ],
          [
            34.960004,
            32.793327
          ],
          [
            34.959949,
            32.793288
          ],
          [
            34.959876,
            32.793244
          ],
          [
            34.959801,
            32.793196
          ],
          [
            34.959698,
            32.793131
          ],
          [
            34.959614,
            32.793083
          ],
          [
            34.959523,
            32.793037
          ],
          [
            34.959318,
            32.792944
          ],
          [
            34.959214,
            32.792905
          ],
          [
            34.959104,
            32.79287
          ],
          [
            34.959011,
            32.792847
          ],
          [
            34.958931,
            32.792834
          ],
          [
            34.958821,
            32.79282
          ],
          [
            34.958766,
            32.792818
          ],
          [
            34.958711,
            32.792821
          ],
          [
            34.958519,
            32.792839
          ],
          [
            34.958204,
            32.79288
          ],
          [
            34.957915,
            32.792888
          ],
          [
            34.957866,
            32.792886
          ],
          [
            34.95782,
            32.792879
          ],
          [
            34.957777,
            32.792866
          ],
          [
            34.957732,
            32.792848
          ],
          [
            34.957695,
            32.792824
          ],
          [
            34.957673,
            32.792804
          ],
          [
            34.957616,
            32.792742
          ],
          [
            34.957598,
            32.79261
          ],
          [
            34.957584,
            32.792364
          ],
          [
            34.957582,
            32.792275
          ],
          [
            34.95759,
            32.792173
          ],
          [
            34.957609,
            32.792098
          ],
          [
            34.957624,
            32.792045
          ],
          [
            34.957685,
            32.791891
          ],
          [
            34.957722,
            32.791824
          ],
          [
            34.957774,
            32.791756
          ],
          [
            34.957845,
            32.791692
          ],
          [
            34.957895,
            32.791652
          ],
          [
            34.957966,
            32.791599
          ],
          [
            34.958026,
            32.791547
          ],
          [
            34.958102,
            32.791469
          ],
          [
            34.958194,
            32.791366
          ],
          [
            34.958276,
            32.79128
          ],
          [
            34.958339,
            32.791189
          ],
          [
            34.958399,
            32.791096
          ],
          [
            34.958444,
            32.791006
          ],
          [
            34.958517,
            32.790743
          ],
          [
            34.958547,
            32.790659
          ],
          [
            34.958573,
            32.790564
          ],
          [
            34.958591,
            32.790479
          ],
          [
            34.958586,
            32.790473
          ],
          [
            34.958579,
            32.790461
          ],
          [
            34.958574,
            32.790449
          ],
          [
            34.958571,
            32.790436
          ],
          [
            34.958569,
            32.790422
          ],
          [
            34.95857,
            32.790409
          ],
          [
            34.958572,
            32.790396
          ],
          [
            34.958575,
            32.790389
          ],
          [
            34.95858,
            32.790377
          ],
          [
            34.958587,
            32.790365
          ],
          [
            34.958601,
            32.790349
          ],
          [
            34.958618,
            32.790335
          ],
          [
            34.958628,
            32.79033
          ],
          [
            34.958637,
            32.790325
          ],
          [
            34.958659,
            32.790317
          ],
          [
            34.958675,
            32.790314
          ],
          [
            34.958682,
            32.790313
          ],
          [
            34.958773,
            32.790266
          ],
          [
            34.958873,
            32.790212
          ],
          [
            34.95896,
            32.79017
          ],
          [
            34.959034,
            32.790143
          ],
          [
            34.959101,
            32.790122
          ],
          [
            34.959198,
            32.79011
          ],
          [
            34.95933,
            32.790103
          ],
          [
            34.959521,
            32.790112
          ],
          [
            34.959942,
            32.79014
          ],
          [
            34.960106,
            32.790151
          ],
          [
            34.960292,
            32.790164
          ],
          [
            34.960428,
            32.790174
          ],
          [
            34.961451,
            32.790244
          ],
          [
            34.962122,
            32.790268
          ],
          [
            34.962194,
            32.790268
          ],
          [
            34.962283,
            32.790268
          ],
          [
            34.962273,
            32.790356
          ],
          [
            34.962256,
            32.79074
          ],
          [
            34.96222,
            32.791196
          ],
          [
            34.962182,
            32.7916
          ],
          [
            34.962143,
            32.791993
          ],
          [
            34.962082,
            32.79262
          ],
          [
            34.962076,
            32.792704
          ],
          [
            34.962059,
            32.793005
          ],
          [
            34.962051,
            32.793252
          ],
          [
            34.962052,
            32.793512
          ],
          [
            34.962056,
            32.79384
          ],
          [
            34.962058,
            32.794056
          ],
          [
            34.962102,
            32.795049
          ],
          [
            34.962107,
            32.795252
          ],
          [
            34.962121,
            32.795575
          ],
          [
            34.962133,
            32.796061
          ],
          [
            34.96213,
            32.796298
          ],
          [
            34.962137,
            32.796609
          ],
          [
            34.962131,
            32.796883
          ],
          [
            34.962134,
            32.797169
          ],
          [
            34.962129,
            32.797564
          ],
          [
            34.962118,
            32.797783
          ],
          [
            34.962108,
            32.798022
          ],
          [
            34.962078,
            32.798244
          ],
          [
            34.962043,
            32.798379
          ],
          [
            34.962014,
            32.798482
          ],
          [
            34.961962,
            32.798628
          ],
          [
            34.961863,
            32.798861
          ],
          [
            34.961691,
            32.799189
          ],
          [
            34.961589,
            32.799354
          ],
          [
            34.961363,
            32.799693
          ],
          [
            34.961279,
            32.799819
          ],
          [
            34.961162,
            32.799994
          ],
          [
            34.961005,
            32.800228
          ],
          [
            34.960768,
            32.800563
          ],
          [
            34.96073,
            32.800628
          ],
          [
            34.96051,
            32.800978
          ],
          [
            34.960265,
            32.801357
          ],
          [
            34.960192,
            32.801472
          ],
          [
            34.960109,
            32.801603
          ],
          [
            34.959654,
            32.802344
          ],
          [
            34.959079,
            32.803318
          ],
          [
            34.958715,
            32.80396
          ],
          [
            34.958418,
            32.80459
          ],
          [
            34.95806,
            32.805845
          ],
          [
            34.958038,
            32.805905
          ],
          [
            34.957972,
            32.806118
          ],
          [
            34.957901,
            32.806346
          ],
          [
            34.957464,
            32.808
          ],
          [
            34.956958,
            32.809881
          ],
          [
            34.956851,
            32.810588
          ],
          [
            34.956642,
            32.811961
          ],
          [
            34.956529,
            32.812712
          ],
          [
            34.956518,
            32.812777
          ],
          [
            34.956511,
            32.812834
          ],
          [
            34.956466,
            32.8132
          ],
          [
            34.956282,
            32.814219
          ],
          [
            34.956196,
            32.814775
          ],
          [
            34.956184,
            32.814853
          ],
          [
            34.956146,
            32.815102
          ],
          [
            34.956055,
            32.815634
          ],
          [
            34.955979,
            32.816152
          ],
          [
            34.955932,
            32.816539
          ],
          [
            34.955908,
            32.816786
          ],
          [
            34.95593,
            32.817382
          ],
          [
            34.956035,
            32.818226
          ],
          [
            34.956052,
            32.818363
          ],
          [
            34.956274,
            32.820351
          ],
          [
            34.956471,
            32.821292
          ],
          [
            34.956591,
            32.821895
          ],
          [
            34.956602,
            32.821953
          ],
          [
            34.956766,
            32.822411
          ],
          [
            34.956858,
            32.82266
          ],
          [
            34.956928,
            32.822836
          ],
          [
            34.957014,
            32.823025
          ],
          [
            34.957087,
            32.823175
          ],
          [
            34.957208,
            32.823403
          ],
          [
            34.957361,
            32.823646
          ],
          [
            34.957555,
            32.82389
          ],
          [
            34.9578,
            32.824208
          ],
          [
            34.958476,
            32.824871
          ],
          [
            34.959834,
            32.825984
          ],
          [
            34.959973,
            32.826102
          ],
          [
            34.960065,
            32.826182
          ],
          [
            34.960184,
            32.82629
          ],
          [
            34.960276,
            32.826355
          ],
          [
            34.960742,
            32.82675
          ],
          [
            34.961085,
            32.827017
          ],
          [
            34.96165,
            32.827508
          ],
          [
            34.96234,
            32.828094
          ],
          [
            34.962942,
            32.82862
          ],
          [
            34.963646,
            32.829149
          ],
          [
            34.963887,
            32.829311
          ],
          [
            34.964277,
            32.829564
          ],
          [
            34.964555,
            32.829713
          ],
          [
            34.964885,
            32.829871
          ],
          [
            34.965205,
            32.829989
          ],
          [
            34.965565,
            32.830108
          ],
          [
            34.96598,
            32.830218
          ],
          [
            34.966304,
            32.830281
          ],
          [
            34.966713,
            32.830349
          ],
          [
            34.967168,
            32.830405
          ],
          [
            34.967407,
            32.830417
          ],
          [
            34.967721,
            32.830432
          ],
          [
            34.96832,
            32.830431
          ],
          [
            34.969299,
            32.830408
          ],
          [
            34.969413,
            32.830404
          ],
          [
            34.969892,
            32.830394
          ],
          [
            34.970024,
            32.830391
          ],
          [
            34.97016,
            32.830391
          ],
          [
            34.970331,
            32.83039
          ],
          [
            34.970629,
            32.830387
          ],
          [
            34.970871,
            32.830385
          ],
          [
            34.971668,
            32.83032
          ],
          [
            34.971853,
            32.830292
          ],
          [
            34.972016,
            32.830233
          ],
          [
            34.972118,
            32.830186
          ],
          [
            34.972214,
            32.830135
          ],
          [
            34.972229,
            32.830122
          ],
          [
            34.972289,
            32.830072
          ],
          [
            34.972336,
            32.830024
          ],
          [
            34.972373,
            32.829963
          ],
          [
            34.972399,
            32.829917
          ],
          [
            34.972483,
            32.829705
          ],
          [
            34.972591,
            32.829201
          ],
          [
            34.972651,
            32.828918
          ],
          [
            34.972662,
            32.828834
          ],
          [
            34.972665,
            32.828718
          ],
          [
            34.972655,
            32.82867
          ],
          [
            34.972641,
            32.828631
          ],
          [
            34.972603,
            32.82858
          ],
          [
            34.972584,
            32.828574
          ],
          [
            34.972575,
            32.828571
          ],
          [
            34.972566,
            32.828567
          ],
          [
            34.972546,
            32.828556
          ],
          [
            34.972453,
            32.828589
          ],
          [
            34.972318,
            32.828643
          ],
          [
            34.972208,
            32.828706
          ],
          [
            34.971994,
            32.828862
          ],
          [
            34.971539,
            32.829176
          ],
          [
            34.970975,
            32.829587
          ],
          [
            34.970591,
            32.829862
          ],
          [
            34.970528,
            32.829913
          ],
          [
            34.970271,
            32.830124
          ],
          [
            34.970183,
            32.830207
          ],
          [
            34.970062,
            32.830344
          ],
          [
            34.970024,
            32.830391
          ],
          [
            34.969946,
            32.830499
          ],
          [
            34.969873,
            32.830622
          ],
          [
            34.969756,
            32.830796
          ],
          [
            34.969615,
            32.830979
          ],
          [
            34.969574,
            32.831024
          ],
          [
            34.969515,
            32.831074
          ],
          [
            34.969435,
            32.831101
          ],
          [
            34.969367,
            32.831118
          ],
          [
            34.96932,
            32.831126
          ],
          [
            34.969256,
            32.831132
          ],
          [
            34.969115,
            32.831125
          ],
          [
            34.969028,
            32.831118
          ],
          [
            34.968871,
            32.831097
          ],
          [
            34.968614,
            32.83109
          ],
          [
            34.968474,
            32.831103
          ],
          [
            34.968336,
            32.831123
          ],
          [
            34.967689,
            32.831255
          ],
          [
            34.967445,
            32.831308
          ],
          [
            34.967315,
            32.831362
          ],
          [
            34.967275,
            32.83139
          ],
          [
            34.967206,
            32.831428
          ],
          [
            34.967156,
            32.831437
          ],
          [
            34.967117,
            32.831435
          ],
          [
            34.967056,
            32.831417
          ],
          [
            34.966968,
            32.831357
          ],
          [
            34.966949,
            32.831369
          ],
          [
            34.966933,
            32.831375
          ],
          [
            34.966925,
            32.831377
          ],
          [
            34.966917,
            32.83138
          ],
          [
            34.9669,
            32.831382
          ],
          [
            34.966882,
            32.831384
          ],
          [
            34.966865,
            32.831383
          ],
          [
            34.966848,
            32.83138
          ],
          [
            34.966839,
            32.831378
          ],
          [
            34.966823,
            32.831373
          ],
          [
            34.966815,
            32.83137
          ],
          [
            34.966801,
            32.831362
          ],
          [
            34.966787,
            32.831353
          ],
          [
            34.966781,
            32.831348
          ],
          [
            34.966775,
            32.831343
          ],
          [
            34.966764,
            32.831331
          ],
          [
            34.966756,
            32.831318
          ],
          [
            34.966749,
            32.831305
          ],
          [
            34.966746,
            32.831298
          ],
          [
            34.966742,
            32.831284
          ],
          [
            34.966741,
            32.831269
          ],
          [
            34.966741,
            32.831262
          ],
          [
            34.966742,
            32.831247
          ],
          [
            34.966744,
            32.83124
          ],
          [
            34.966751,
            32.831222
          ],
          [
            34.96676,
            32.831206
          ],
          [
            34.966765,
            32.8312
          ],
          [
            34.966775,
            32.831188
          ],
          [
            34.966787,
            32.831178
          ],
          [
            34.966801,
            32.831169
          ],
          [
            34.966808,
            32.831165
          ],
          [
            34.966824,
            32.831158
          ],
          [
            34.96684,
            32.831153
          ],
          [
            34.966848,
            32.831151
          ],
          [
            34.966866,
            32.831148
          ],
          [
            34.966874,
            32.831148
          ],
          [
            34.966892,
            32.831148
          ],
          [
            34.9669,
            32.831149
          ],
          [
            34.966917,
            32.831152
          ],
          [
            34.966934,
            32.831157
          ],
          [
            34.966949,
            32.831163
          ],
          [
            34.966957,
            32.831167
          ],
          [
            34.966971,
            32.831176
          ],
          [
            34.966983,
            32.831186
          ],
          [
            34.966994,
            32.831197
          ],
          [
            34.966999,
            32.831203
          ],
          [
            34.967007,
            32.831216
          ],
          [
            34.967011,
            32.831223
          ],
          [
            34.967131,
            32.831195
          ],
          [
            34.967642,
            32.831148
          ],
          [
            34.967998,
            32.8311
          ],
          [
            34.968463,
            32.831018
          ],
          [
            34.96871,
            32.831009
          ],
          [
            34.969345,
            32.831031
          ],
          [
            34.969426,
            32.831034
          ],
          [
            34.969551,
            32.831034
          ],
          [
            34.969759,
            32.83103
          ],
          [
            34.969998,
            32.831013
          ],
          [
            34.970177,
            32.830984
          ],
          [
            34.970299,
            32.830973
          ],
          [
            34.970429,
            32.830984
          ],
          [
            34.970544,
            32.830992
          ],
          [
            34.970695,
            32.831006
          ],
          [
            34.970788,
            32.831032
          ],
          [
            34.971009,
            32.831116
          ],
          [
            34.971384,
            32.831293
          ],
          [
            34.972613,
            32.8315
          ],
          [
            34.973563,
            32.831646
          ],
          [
            34.973606,
            32.831652
          ],
          [
            34.973827,
            32.831688
          ],
          [
            34.974033,
            32.831719
          ],
          [
            34.974645,
            32.831854
          ],
          [
            34.974839,
            32.831896
          ],
          [
            34.97495,
            32.831927
          ],
          [
            34.975566,
            32.832048
          ],
          [
            34.975717,
            32.83207
          ],
          [
            34.976198,
            32.832188
          ],
          [
            34.976413,
            32.832225
          ],
          [
            34.976488,
            32.832237
          ],
          [
            34.97672,
            32.832267
          ],
          [
            34.976955,
            32.832265
          ],
          [
            34.977147,
            32.832244
          ],
          [
            34.977392,
            32.832188
          ],
          [
            34.977591,
            32.832158
          ],
          [
            34.977935,
            32.832098
          ],
          [
            34.977935,
            32.832084
          ],
          [
            34.977937,
            32.832078
          ],
          [
            34.977941,
            32.832065
          ],
          [
            34.977949,
            32.832052
          ],
          [
            34.977953,
            32.832046
          ],
          [
            34.977963,
            32.832035
          ],
          [
            34.97797,
            32.832029
          ],
          [
            34.977984,
            32.832019
          ],
          [
            34.978,
            32.83201
          ],
          [
            34.978017,
            32.832002
          ],
          [
            34.978036,
            32.831996
          ],
          [
            34.978056,
            32.831992
          ],
          [
            34.978077,
            32.831989
          ],
          [
            34.978098,
            32.831987
          ],
          [
            34.978119,
            32.831987
          ],
          [
            34.97814,
            32.831989
          ],
          [
            34.97817,
            32.831995
          ],
          [
            34.97819,
            32.832001
          ],
          [
            34.978207,
            32.832008
          ],
          [
            34.978223,
            32.832017
          ],
          [
            34.978233,
            32.832024
          ],
          [
            34.97841,
            32.832075
          ],
          [
            34.978525,
            32.832123
          ],
          [
            34.978607,
            32.832156
          ],
          [
            34.978686,
            32.832164
          ],
          [
            34.978898,
            32.832176
          ],
          [
            34.979141,
            32.832174
          ],
          [
            34.979646,
            32.832129
          ],
          [
            34.980137,
            32.832068
          ],
          [
            34.980274,
            32.832051
          ],
          [
            34.980526,
            32.83202
          ],
          [
            34.980533,
            32.831996
          ],
          [
            34.980547,
            32.83197
          ],
          [
            34.980568,
            32.831952
          ],
          [
            34.980578,
            32.831947
          ],
          [
            34.980598,
            32.831937
          ],
          [
            34.980658,
            32.831932
          ],
          [
            34.980679,
            32.83194
          ],
          [
            34.980705,
            32.831956
          ],
          [
            34.980728,
            32.831979
          ],
          [
            34.980736,
            32.832001
          ],
          [
            34.980738,
            32.832029
          ],
          [
            34.981312,
            32.832056
          ],
          [
            34.981499,
            32.832076
          ],
          [
            34.981886,
            32.832117
          ],
          [
            34.982175,
            32.832171
          ],
          [
            34.982347,
            32.83219
          ],
          [
            34.982463,
            32.832201
          ],
          [
            34.982591,
            32.8322
          ],
          [
            34.982767,
            32.832168
          ],
          [
            34.983172,
            32.832078
          ],
          [
            34.983271,
            32.832037
          ],
          [
            34.98341,
            32.831995
          ],
          [
            34.983522,
            32.831967
          ],
          [
            34.98368,
            32.831928
          ],
          [
            34.983771,
            32.831906
          ],
          [
            34.984046,
            32.831839
          ],
          [
            34.984381,
            32.831758
          ],
          [
            34.984423,
            32.831748
          ],
          [
            34.984788,
            32.831649
          ],
          [
            34.985018,
            32.831592
          ],
          [
            34.985141,
            32.831553
          ],
          [
            34.985238,
            32.831506
          ],
          [
            34.985334,
            32.831442
          ],
          [
            34.985402,
            32.831391
          ],
          [
            34.985468,
            32.83134
          ],
          [
            34.985535,
            32.831293
          ],
          [
            34.985536,
            32.831281
          ],
          [
            34.985538,
            32.831264
          ],
          [
            34.985544,
            32.831243
          ],
          [
            34.985427,
            32.830977
          ],
          [
            34.985327,
            32.830749
          ],
          [
            34.985154,
            32.830406
          ],
          [
            34.984643,
            32.829456
          ],
          [
            34.984564,
            32.829309
          ],
          [
            34.983944,
            32.82822
          ],
          [
            34.983812,
            32.828064
          ],
          [
            34.98379,
            32.828029
          ],
          [
            34.983741,
            32.827942
          ],
          [
            34.983686,
            32.827814
          ],
          [
            34.983574,
            32.827488
          ],
          [
            34.983535,
            32.827256
          ],
          [
            34.983515,
            32.8271
          ],
          [
            34.983512,
            32.826777
          ],
          [
            34.983521,
            32.82662
          ],
          [
            34.983547,
            32.826426
          ],
          [
            34.983559,
            32.826302
          ],
          [
            34.983801,
            32.825552
          ],
          [
            34.983937,
            32.825049
          ],
          [
            34.983982,
            32.82488
          ],
          [
            34.984047,
            32.824745
          ],
          [
            34.984139,
            32.824552
          ],
          [
            34.984181,
            32.82446
          ],
          [
            34.984246,
            32.824317
          ],
          [
            34.984284,
            32.824241
          ],
          [
            34.984288,
            32.824233
          ],
          [
            34.984329,
            32.824163
          ],
          [
            34.984402,
            32.824086
          ],
          [
            34.984468,
            32.824059
          ],
          [
            34.984533,
            32.824041
          ],
          [
            34.984647,
            32.824015
          ],
          [
            34.984713,
            32.823997
          ],
          [
            34.985013,
            32.823913
          ],
          [
            34.98525,
            32.823833
          ],
          [
            34.985582,
            32.823713
          ],
          [
            34.986536,
            32.823282
          ],
          [
            34.987511,
            32.82289
          ],
          [
            34.987635,
            32.82284
          ],
          [
            34.987829,
            32.822758
          ],
          [
            34.988249,
            32.822582
          ],
          [
            34.988878,
            32.822307
          ],
          [
            34.989774,
            32.821906
          ],
          [
            34.990121,
            32.821755
          ],
          [
            34.991204,
            32.821317
          ],
          [
            34.991216,
            32.821303
          ],
          [
            34.991231,
            32.821289
          ],
          [
            34.991237,
            32.821286
          ],
          [
            34.991248,
            32.821279
          ],
          [
            34.991304,
            32.821263
          ],
          [
            34.991324,
            32.821263
          ],
          [
            34.991342,
            32.821268
          ],
          [
            34.991362,
            32.821274
          ],
          [
            34.991381,
            32.821284
          ],
          [
            34.991397,
            32.821296
          ],
          [
            34.991411,
            32.82131
          ],
          [
            34.991421,
            32.821326
          ],
          [
            34.991427,
            32.821344
          ],
          [
            34.991429,
            32.821362
          ],
          [
            34.991428,
            32.821374
          ],
          [
            34.991425,
            32.821386
          ],
          [
            34.991418,
            32.821416
          ],
          [
            34.99158,
            32.82166
          ],
          [
            34.991656,
            32.821785
          ],
          [
            34.991722,
            32.821882
          ],
          [
            34.991756,
            32.821931
          ],
          [
            34.991836,
            32.822053
          ],
          [
            34.99191,
            32.822193
          ],
          [
            34.991987,
            32.822325
          ],
          [
            34.99228,
            32.822794
          ],
          [
            34.992348,
            32.822878
          ],
          [
            34.992428,
            32.822929
          ],
          [
            34.99252,
            32.82301
          ],
          [
            34.992543,
            32.823053
          ],
          [
            34.992546,
            32.82307
          ],
          [
            34.992557,
            32.823142
          ],
          [
            34.992572,
            32.823193
          ],
          [
            34.992722,
            32.823439
          ],
          [
            34.992817,
            32.823611
          ],
          [
            34.993043,
            32.823461
          ],
          [
            34.993823,
            32.822995
          ],
          [
            34.994325,
            32.822682
          ],
          [
            34.995246,
            32.822109
          ],
          [
            34.99593,
            32.82167
          ],
          [
            34.996023,
            32.82161
          ],
          [
            34.996225,
            32.821451
          ],
          [
            34.996439,
            32.821289
          ],
          [
            34.996706,
            32.82108
          ],
          [
            34.997057,
            32.820829
          ],
          [
            34.997219,
            32.820689
          ],
          [
            34.997325,
            32.820594
          ],
          [
            34.997553,
            32.820419
          ],
          [
            34.997718,
            32.82029
          ],
          [
            34.997946,
            32.820114
          ],
          [
            34.998121,
            32.819974
          ],
          [
            34.998305,
            32.819833
          ],
          [
            34.998915,
            32.819368
          ],
          [
            34.999248,
            32.819116
          ],
          [
            34.999537,
            32.818889
          ],
          [
            34.99985,
            32.818646
          ],
          [
            35.000154,
            32.818421
          ],
          [
            35.000321,
            32.818317
          ],
          [
            35.000443,
            32.818238
          ],
          [
            35.001447,
            32.817615
          ],
          [
            35.001751,
            32.817424
          ],
          [
            35.00198,
            32.817283
          ],
          [
            35.002632,
            32.816827
          ],
          [
            35.002745,
            32.816743
          ],
          [
            35.002904,
            32.816608
          ],
          [
            35.003178,
            32.816313
          ],
          [
            35.003276,
            32.816188
          ],
          [
            35.003386,
            32.816037
          ],
          [
            35.003433,
            32.815965
          ],
          [
            35.003482,
            32.815882
          ],
          [
            35.003531,
            32.815781
          ],
          [
            35.003617,
            32.815554
          ],
          [
            35.003654,
            32.81544
          ],
          [
            35.003673,
            32.815346
          ],
          [
            35.00368,
            32.815272
          ],
          [
            35.003676,
            32.815204
          ],
          [
            35.003661,
            32.815144
          ],
          [
            35.00364,
            32.815074
          ],
          [
            35.003619,
            32.815025
          ],
          [
            35.00357,
            32.814942
          ],
          [
            35.003483,
            32.814843
          ],
          [
            35.003379,
            32.81474
          ],
          [
            35.003259,
            32.814642
          ],
          [
            35.002929,
            32.814395
          ],
          [
            35.00289,
            32.81436
          ],
          [
            35.002838,
            32.814297
          ],
          [
            35.002822,
            32.814243
          ],
          [
            35.002818,
            32.814149
          ],
          [
            35.00282,
            32.81413
          ],
          [
            35.002841,
            32.814072
          ],
          [
            35.002864,
            32.814026
          ],
          [
            35.002925,
            32.813941
          ],
          [
            35.003555,
            32.813238
          ],
          [
            35.003799,
            32.812965
          ],
          [
            35.004035,
            32.812648
          ],
          [
            35.004145,
            32.812491
          ],
          [
            35.004254,
            32.81235
          ],
          [
            35.004338,
            32.812224
          ],
          [
            35.004363,
            32.812168
          ],
          [
            35.004383,
            32.812118
          ],
          [
            35.004403,
            32.811997
          ],
          [
            35.004329,
            32.811831
          ],
          [
            35.004281,
            32.811696
          ],
          [
            35.004274,
            32.811651
          ],
          [
            35.004271,
            32.811585
          ],
          [
            35.004277,
            32.811535
          ],
          [
            35.004305,
            32.811452
          ],
          [
            35.00445,
            32.811185
          ],
          [
            35.00451,
            32.81108
          ],
          [
            35.004699,
            32.810749
          ],
          [
            35.004874,
            32.810461
          ],
          [
            35.00495,
            32.810339
          ],
          [
            35.005016,
            32.810232
          ],
          [
            35.00512,
            32.810098
          ],
          [
            35.005172,
            32.810046
          ],
          [
            35.005179,
            32.81004
          ],
          [
            35.005395,
            32.809868
          ],
          [
            35.005455,
            32.809794
          ],
          [
            35.005518,
            32.809729
          ],
          [
            35.005682,
            32.809586
          ],
          [
            35.005847,
            32.809477
          ],
          [
            35.006052,
            32.809383
          ],
          [
            35.006217,
            32.809314
          ],
          [
            35.006481,
            32.80923
          ],
          [
            35.006559,
            32.809204
          ],
          [
            35.006813,
            32.80911
          ],
          [
            35.006869,
            32.809088
          ],
          [
            35.006988,
            32.809042
          ],
          [
            35.007095,
            32.80898
          ],
          [
            35.007195,
            32.808907
          ],
          [
            35.007379,
            32.808735
          ],
          [
            35.007652,
            32.808438
          ],
          [
            35.00776,
            32.808288
          ],
          [
            35.007833,
            32.80818
          ],
          [
            35.007886,
            32.808046
          ],
          [
            35.007953,
            32.80784
          ],
          [
            35.008014,
            32.807686
          ],
          [
            35.008174,
            32.807353
          ],
          [
            35.008253,
            32.807183
          ],
          [
            35.008445,
            32.806815
          ],
          [
            35.008577,
            32.806561
          ],
          [
            35.008654,
            32.806411
          ],
          [
            35.00869,
            32.806324
          ],
          [
            35.008711,
            32.806274
          ],
          [
            35.008747,
            32.806161
          ],
          [
            35.008786,
            32.806016
          ],
          [
            35.008821,
            32.805904
          ],
          [
            35.008855,
            32.80583
          ],
          [
            35.008898,
            32.805741
          ],
          [
            35.00905,
            32.805532
          ],
          [
            35.009266,
            32.80522
          ],
          [
            35.009392,
            32.805074
          ],
          [
            35.009521,
            32.8049
          ],
          [
            35.009601,
            32.804781
          ],
          [
            35.009837,
            32.804409
          ],
          [
            35.009958,
            32.804253
          ],
          [
            35.010103,
            32.804096
          ],
          [
            35.010157,
            32.804037
          ],
          [
            35.010212,
            32.803879
          ],
          [
            35.010243,
            32.803776
          ],
          [
            35.010339,
            32.803416
          ],
          [
            35.010395,
            32.803133
          ],
          [
            35.010413,
            32.803014
          ],
          [
            35.010424,
            32.802776
          ],
          [
            35.010417,
            32.802605
          ],
          [
            35.010416,
            32.802394
          ],
          [
            35.010395,
            32.802097
          ],
          [
            35.010421,
            32.801826
          ],
          [
            35.010427,
            32.801778
          ],
          [
            35.010437,
            32.801729
          ],
          [
            35.010445,
            32.801694
          ],
          [
            35.01046,
            32.80165
          ],
          [
            35.010477,
            32.801617
          ],
          [
            35.010504,
            32.80157
          ],
          [
            35.010531,
            32.801529
          ],
          [
            35.010543,
            32.801515
          ],
          [
            35.010572,
            32.801478
          ],
          [
            35.010675,
            32.801382
          ],
          [
            35.010812,
            32.801251
          ],
          [
            35.011041,
            32.801064
          ],
          [
            35.01152,
            32.800588
          ],
          [
            35.011874,
            32.800164
          ],
          [
            35.012055,
            32.799961
          ],
          [
            35.012047,
            32.799958
          ],
          [
            35.012036,
            32.799953
          ],
          [
            35.012027,
            32.799945
          ],
          [
            35.012022,
            32.79994
          ],
          [
            35.012018,
            32.799934
          ],
          [
            35.012014,
            32.799924
          ],
          [
            35.012012,
            32.799917
          ],
          [
            35.012011,
            32.799907
          ],
          [
            35.012012,
            32.7999
          ],
          [
            35.012015,
            32.79989
          ],
          [
            35.012018,
            32.799883
          ],
          [
            35.012025,
            32.799874
          ],
          [
            35.01203,
            32.799869
          ],
          [
            35.01204,
            32.799862
          ],
          [
            35.012047,
            32.799859
          ],
          [
            35.012056,
            32.799855
          ],
          [
            35.012067,
            32.799853
          ],
          [
            35.012079,
            32.799852
          ],
          [
            35.012087,
            32.799853
          ],
          [
            35.012099,
            32.799855
          ],
          [
            35.012111,
            32.79986
          ],
          [
            35.012118,
            32.799863
          ],
          [
            35.012127,
            32.79987
          ],
          [
            35.012133,
            32.799877
          ],
          [
            35.012222,
            32.79977
          ],
          [
            35.012334,
            32.799673
          ],
          [
            35.012652,
            32.799398
          ],
          [
            35.01317,
            32.798996
          ],
          [
            35.013296,
            32.798919
          ],
          [
            35.013477,
            32.798776
          ],
          [
            35.013646,
            32.79865
          ],
          [
            35.013931,
            32.798436
          ],
          [
            35.014195,
            32.798217
          ],
          [
            35.014449,
            32.798003
          ],
          [
            35.014502,
            32.797959
          ],
          [
            35.014608,
            32.79785
          ],
          [
            35.014994,
            32.797505
          ],
          [
            35.015262,
            32.797274
          ],
          [
            35.015524,
            32.797034
          ],
          [
            35.015873,
            32.796694
          ],
          [
            35.015923,
            32.796632
          ],
          [
            35.015975,
            32.796558
          ],
          [
            35.016014,
            32.796474
          ],
          [
            35.016066,
            32.796372
          ],
          [
            35.016101,
            32.796322
          ],
          [
            35.016147,
            32.796271
          ],
          [
            35.016828,
            32.795627
          ],
          [
            35.016877,
            32.795554
          ],
          [
            35.016945,
            32.795471
          ],
          [
            35.016965,
            32.795449
          ],
          [
            35.01701,
            32.795403
          ],
          [
            35.017032,
            32.795382
          ],
          [
            35.017112,
            32.795317
          ],
          [
            35.01735,
            32.795153
          ],
          [
            35.017859,
            32.794727
          ],
          [
            35.018274,
            32.794418
          ],
          [
            35.01839,
            32.794316
          ],
          [
            35.018449,
            32.794272
          ],
          [
            35.018584,
            32.794139
          ],
          [
            35.01869,
            32.79405
          ],
          [
            35.018748,
            32.794002
          ],
          [
            35.018769,
            32.793972
          ],
          [
            35.01878,
            32.793929
          ],
          [
            35.018776,
            32.79389
          ],
          [
            35.018759,
            32.793848
          ],
          [
            35.018739,
            32.79381
          ],
          [
            35.018726,
            32.793805
          ],
          [
            35.018716,
            32.7938
          ],
          [
            35.018707,
            32.793793
          ],
          [
            35.018699,
            32.793785
          ],
          [
            35.018692,
            32.793777
          ],
          [
            35.018686,
            32.793768
          ],
          [
            35.018682,
            32.793759
          ],
          [
            35.018679,
            32.793748
          ],
          [
            35.018611,
            32.793732
          ],
          [
            35.018548,
            32.793736
          ],
          [
            35.018469,
            32.793758
          ],
          [
            35.018415,
            32.793793
          ],
          [
            35.018369,
            32.793838
          ],
          [
            35.018299,
            32.793915
          ],
          [
            35.01825,
            32.793976
          ],
          [
            35.018191,
            32.794056
          ],
          [
            35.018178,
            32.794069
          ],
          [
            35.0181,
            32.794146
          ],
          [
            35.018026,
            32.794201
          ],
          [
            35.017771,
            32.794366
          ],
          [
            35.017526,
            32.794515
          ],
          [
            35.017259,
            32.794629
          ],
          [
            35.017022,
            32.794726
          ],
          [
            35.016749,
            32.794827
          ],
          [
            35.016418,
            32.79496
          ],
          [
            35.016123,
            32.795082
          ],
          [
            35.015891,
            32.795209
          ],
          [
            35.015584,
            32.795386
          ],
          [
            35.015444,
            32.795478
          ],
          [
            35.015211,
            32.795623
          ],
          [
            35.015011,
            32.795746
          ],
          [
            35.014749,
            32.795913
          ],
          [
            35.014447,
            32.796101
          ],
          [
            35.014118,
            32.796313
          ],
          [
            35.01374,
            32.796544
          ],
          [
            35.013393,
            32.796764
          ],
          [
            35.013118,
            32.796924
          ],
          [
            35.012561,
            32.797202
          ],
          [
            35.012468,
            32.797244
          ],
          [
            35.012222,
            32.797324
          ],
          [
            35.011765,
            32.797459
          ],
          [
            35.011164,
            32.797642
          ],
          [
            35.010632,
            32.7978
          ],
          [
            35.010432,
            32.797882
          ],
          [
            35.010415,
            32.797903
          ],
          [
            35.01039,
            32.79792
          ],
          [
            35.010377,
            32.797924
          ],
          [
            35.010367,
            32.797928
          ],
          [
            35.010336,
            32.797931
          ],
          [
            35.010305,
            32.797925
          ],
          [
            35.010296,
            32.79792
          ],
          [
            35.01005,
            32.797975
          ],
          [
            35.009359,
            32.798225
          ],
          [
            35.009099,
            32.798318
          ],
          [
            35.008908,
            32.798381
          ],
          [
            35.008749,
            32.798438
          ],
          [
            35.008579,
            32.798497
          ],
          [
            35.008415,
            32.798557
          ],
          [
            35.008329,
            32.798585
          ],
          [
            35.008263,
            32.798597
          ],
          [
            35.008174,
            32.798611
          ],
          [
            35.008115,
            32.798617
          ],
          [
            35.008064,
            32.798615
          ],
          [
            35.008031,
            32.798606
          ],
          [
            35.007973,
            32.798594
          ],
          [
            35.007926,
            32.798577
          ],
          [
            35.007873,
            32.798553
          ],
          [
            35.007821,
            32.79852
          ],
          [
            35.007773,
            32.798478
          ],
          [
            35.007729,
            32.798428
          ],
          [
            35.007572,
            32.798226
          ],
          [
            35.007426,
            32.79801
          ],
          [
            35.007226,
            32.797577
          ],
          [
            35.007183,
            32.797443
          ],
          [
            35.007153,
            32.797183
          ],
          [
            35.00715,
            32.797073
          ],
          [
            35.007149,
            32.796967
          ],
          [
            35.007156,
            32.796866
          ],
          [
            35.007178,
            32.796758
          ],
          [
            35.007237,
            32.796553
          ],
          [
            35.007271,
            32.796473
          ],
          [
            35.007437,
            32.796166
          ],
          [
            35.007429,
            32.796154
          ],
          [
            35.007424,
            32.796141
          ],
          [
            35.00742,
            32.796128
          ],
          [
            35.007418,
            32.796114
          ],
          [
            35.007419,
            32.796101
          ],
          [
            35.007422,
            32.796087
          ],
          [
            35.007426,
            32.796074
          ],
          [
            35.007433,
            32.796061
          ],
          [
            35.007442,
            32.796049
          ],
          [
            35.007452,
            32.796039
          ],
          [
            35.00747,
            32.796024
          ],
          [
            35.007492,
            32.796013
          ],
          [
            35.007515,
            32.796005
          ],
          [
            35.007532,
            32.796002
          ],
          [
            35.007557,
            32.796001
          ],
          [
            35.007583,
            32.796003
          ],
          [
            35.007599,
            32.796007
          ],
          [
            35.007622,
            32.796015
          ],
          [
            35.007634,
            32.796021
          ],
          [
            35.007813,
            32.795906
          ],
          [
            35.008143,
            32.795758
          ],
          [
            35.00832,
            32.79568
          ],
          [
            35.008662,
            32.79552
          ],
          [
            35.008704,
            32.7955
          ],
          [
            35.008988,
            32.795392
          ],
          [
            35.009337,
            32.795271
          ],
          [
            35.009544,
            32.795184
          ],
          [
            35.009587,
            32.795166
          ],
          [
            35.010012,
            32.794947
          ],
          [
            35.010015,
            32.794931
          ],
          [
            35.010025,
            32.794904
          ],
          [
            35.010047,
            32.794873
          ],
          [
            35.010075,
            32.794848
          ],
          [
            35.01011,
            32.79483
          ],
          [
            35.010156,
            32.794821
          ],
          [
            35.010172,
            32.794822
          ],
          [
            35.010185,
            32.794822
          ],
          [
            35.010231,
            32.794836
          ],
          [
            35.010263,
            32.794857
          ],
          [
            35.010295,
            32.794892
          ],
          [
            35.010304,
            32.794915
          ],
          [
            35.010316,
            32.794945
          ],
          [
            35.010317,
            32.794992
          ],
          [
            35.010304,
            32.795038
          ],
          [
            35.010283,
            32.79507
          ],
          [
            35.010306,
            32.795195
          ],
          [
            35.01032,
            32.79528
          ],
          [
            35.010331,
            32.795358
          ],
          [
            35.010351,
            32.795543
          ],
          [
            35.010364,
            32.795546
          ],
          [
            35.010385,
            32.795555
          ],
          [
            35.010409,
            32.795572
          ],
          [
            35.010427,
            32.795594
          ],
          [
            35.010436,
            32.795612
          ],
          [
            35.010441,
            32.795631
          ],
          [
            35.01044,
            32.795643
          ],
          [
            35.010588,
            32.795617
          ],
          [
            35.011044,
            32.795528
          ],
          [
            35.011118,
            32.795514
          ],
          [
            35.011279,
            32.795474
          ],
          [
            35.011433,
            32.795431
          ],
          [
            35.011532,
            32.795383
          ],
          [
            35.011769,
            32.795249
          ],
          [
            35.012215,
            32.795006
          ],
          [
            35.012492,
            32.794842
          ],
          [
            35.012713,
            32.794683
          ],
          [
            35.013183,
            32.794363
          ],
          [
            35.012477,
            32.793731
          ],
          [
            35.012592,
            32.793635
          ],
          [
            35.012733,
            32.793507
          ],
          [
            35.012865,
            32.79339
          ],
          [
            35.013519,
            32.792815
          ],
          [
            35.013987,
            32.792388
          ],
          [
            35.014246,
            32.792147
          ],
          [
            35.014371,
            32.792031
          ],
          [
            35.01475,
            32.79167
          ],
          [
            35.014886,
            32.791555
          ],
          [
            35.015468,
            32.791027
          ],
          [
            35.015608,
            32.790858
          ],
          [
            35.015679,
            32.790686
          ],
          [
            35.015967,
            32.790376
          ],
          [
            35.016081,
            32.790254
          ],
          [
            35.016136,
            32.790195
          ],
          [
            35.016533,
            32.789754
          ],
          [
            35.017059,
            32.789178
          ],
          [
            35.017143,
            32.789086
          ],
          [
            35.017356,
            32.788855
          ],
          [
            35.017432,
            32.788757
          ],
          [
            35.018345,
            32.787636
          ],
          [
            35.018474,
            32.787466
          ],
          [
            35.018963,
            32.78682
          ],
          [
            35.019346,
            32.786311
          ],
          [
            35.019328,
            32.786296
          ],
          [
            35.019313,
            32.786278
          ],
          [
            35.019304,
            32.786265
          ],
          [
            35.019295,
            32.786245
          ],
          [
            35.019289,
            32.786226
          ],
          [
            35.019288,
            32.786207
          ],
          [
            35.01929,
            32.786198
          ],
          [
            35.018107,
            32.785461
          ],
          [
            35.017859,
            32.785322
          ],
          [
            35.017783,
            32.785276
          ],
          [
            35.017589,
            32.785149
          ],
          [
            35.017135,
            32.784856
          ],
          [
            35.016887,
            32.784701
          ],
          [
            35.016878,
            32.784695
          ],
          [
            35.016079,
            32.784179
          ],
          [
            35.016037,
            32.784152
          ],
          [
            35.015943,
            32.784093
          ],
          [
            35.015921,
            32.784079
          ],
          [
            35.015771,
            32.783984
          ],
          [
            35.015723,
            32.783955
          ],
          [
            35.015472,
            32.783803
          ],
          [
            35.014932,
            32.783482
          ],
          [
            35.01474,
            32.783348
          ],
          [
            35.014498,
            32.783136
          ],
          [
            35.014478,
            32.783109
          ],
          [
            35.014457,
            32.78308
          ],
          [
            35.014398,
            32.783012
          ],
          [
            35.014342,
            32.782938
          ],
          [
            35.014248,
            32.782769
          ],
          [
            35.014187,
            32.782623
          ],
          [
            35.014134,
            32.782528
          ],
          [
            35.014056,
            32.782441
          ],
          [
            35.013953,
            32.782379
          ],
          [
            35.013837,
            32.782336
          ],
          [
            35.013769,
            32.782311
          ],
          [
            35.013842,
            32.782238
          ],
          [
            35.01387,
            32.782191
          ],
          [
            35.013897,
            32.782139
          ],
          [
            35.013913,
            32.782074
          ],
          [
            35.013921,
            32.782011
          ],
          [
            35.013919,
            32.781932
          ],
          [
            35.01389,
            32.781855
          ],
          [
            35.013719,
            32.781469
          ],
          [
            35.013661,
            32.781303
          ],
          [
            35.013635,
            32.781228
          ],
          [
            35.013608,
            32.781167
          ],
          [
            35.013549,
            32.78107
          ],
          [
            35.013528,
            32.781033
          ],
          [
            35.013411,
            32.780823
          ],
          [
            35.013324,
            32.780667
          ],
          [
            35.013223,
            32.780448
          ],
          [
            35.0132,
            32.780387
          ],
          [
            35.013186,
            32.780338
          ],
          [
            35.013178,
            32.780295
          ],
          [
            35.013176,
            32.780247
          ],
          [
            35.013188,
            32.780191
          ],
          [
            35.013202,
            32.780148
          ],
          [
            35.013218,
            32.780115
          ],
          [
            35.01324,
            32.780074
          ],
          [
            35.013268,
            32.780029
          ],
          [
            35.013322,
            32.77997
          ],
          [
            35.013373,
            32.779933
          ],
          [
            35.013418,
            32.779904
          ],
          [
            35.01369,
            32.77978
          ],
          [
            35.013741,
            32.779758
          ],
          [
            35.014621,
            32.77939
          ],
          [
            35.014677,
            32.779354
          ],
          [
            35.014928,
            32.779191
          ],
          [
            35.015034,
            32.779096
          ],
          [
            35.015044,
            32.779088
          ],
          [
            35.015352,
            32.778774
          ],
          [
            35.015516,
            32.778643
          ],
          [
            35.015648,
            32.778537
          ],
          [
            35.01568,
            32.778513
          ],
          [
            35.015747,
            32.778468
          ],
          [
            35.015816,
            32.778423
          ],
          [
            35.01584,
            32.77841
          ],
          [
            35.015901,
            32.778374
          ],
          [
            35.016016,
            32.778318
          ],
          [
            35.016114,
            32.778284
          ],
          [
            35.016329,
            32.778225
          ],
          [
            35.016439,
            32.778189
          ],
          [
            35.016715,
            32.778108
          ],
          [
            35.016812,
            32.778088
          ],
          [
            35.016981,
            32.778057
          ],
          [
            35.017181,
            32.778029
          ],
          [
            35.017383,
            32.777986
          ],
          [
            35.017548,
            32.777945
          ],
          [
            35.017703,
            32.777896
          ],
          [
            35.017834,
            32.777846
          ],
          [
            35.018137,
            32.777702
          ],
          [
            35.018764,
            32.777449
          ],
          [
            35.018865,
            32.777412
          ],
          [
            35.018934,
            32.77739
          ],
          [
            35.019032,
            32.777355
          ],
          [
            35.019112,
            32.777319
          ],
          [
            35.019145,
            32.777304
          ],
          [
            35.019375,
            32.777192
          ],
          [
            35.019541,
            32.777113
          ],
          [
            35.019622,
            32.777055
          ],
          [
            35.019613,
            32.777039
          ],
          [
            35.019608,
            32.777021
          ],
          [
            35.019606,
            32.777001
          ],
          [
            35.019609,
            32.776982
          ],
          [
            35.019616,
            32.776963
          ],
          [
            35.019623,
            32.776952
          ],
          [
            35.019637,
            32.776936
          ],
          [
            35.019653,
            32.776923
          ],
          [
            35.019673,
            32.776912
          ],
          [
            35.019694,
            32.776905
          ],
          [
            35.019709,
            32.776902
          ],
          [
            35.019732,
            32.7769
          ],
          [
            35.019747,
            32.776901
          ],
          [
            35.01977,
            32.776906
          ],
          [
            35.019791,
            32.776914
          ],
          [
            35.019808,
            32.776924
          ],
          [
            35.019853,
            32.776899
          ],
          [
            35.019905,
            32.776861
          ],
          [
            35.020094,
            32.776761
          ],
          [
            35.020145,
            32.776734
          ],
          [
            35.02055,
            32.77652
          ],
          [
            35.020581,
            32.776501
          ],
          [
            35.020918,
            32.776294
          ],
          [
            35.02114,
            32.776157
          ],
          [
            35.021171,
            32.776135
          ],
          [
            35.021192,
            32.776119
          ],
          [
            35.021442,
            32.775938
          ],
          [
            35.021742,
            32.775666
          ],
          [
            35.021823,
            32.775593
          ],
          [
            35.02217,
            32.775352
          ],
          [
            35.022273,
            32.775248
          ],
          [
            35.022375,
            32.775164
          ],
          [
            35.022442,
            32.7751
          ],
          [
            35.022628,
            32.774984
          ],
          [
            35.022738,
            32.77492
          ],
          [
            35.022984,
            32.774774
          ],
          [
            35.023123,
            32.774711
          ],
          [
            35.023234,
            32.774666
          ],
          [
            35.023322,
            32.774647
          ],
          [
            35.023396,
            32.774641
          ],
          [
            35.023491,
            32.774629
          ],
          [
            35.023575,
            32.774627
          ],
          [
            35.023691,
            32.774631
          ],
          [
            35.023798,
            32.774642
          ],
          [
            35.023888,
            32.774659
          ],
          [
            35.023899,
            32.774656
          ],
          [
            35.023923,
            32.774653
          ],
          [
            35.023946,
            32.774654
          ],
          [
            35.023969,
            32.774659
          ],
          [
            35.023984,
            32.774664
          ],
          [
            35.023998,
            32.774671
          ],
          [
            35.024016,
            32.774683
          ],
          [
            35.024027,
            32.774693
          ],
          [
            35.024036,
            32.774704
          ],
          [
            35.024047,
            32.774722
          ],
          [
            35.024244,
            32.774762
          ],
          [
            35.024453,
            32.774828
          ],
          [
            35.024796,
            32.774902
          ],
          [
            35.024838,
            32.774908
          ],
          [
            35.024944,
            32.774916
          ],
          [
            35.025002,
            32.774916
          ],
          [
            35.025144,
            32.774897
          ],
          [
            35.025937,
            32.774763
          ],
          [
            35.026213,
            32.774703
          ],
          [
            35.026481,
            32.774668
          ],
          [
            35.026583,
            32.774646
          ],
          [
            35.026686,
            32.774652
          ],
          [
            35.02676,
            32.774665
          ],
          [
            35.026812,
            32.774684
          ],
          [
            35.026885,
            32.77472
          ],
          [
            35.02694,
            32.774758
          ],
          [
            35.026991,
            32.774799
          ],
          [
            35.02703,
            32.774845
          ],
          [
            35.027078,
            32.774899
          ],
          [
            35.027109,
            32.774947
          ],
          [
            35.027128,
            32.775018
          ],
          [
            35.027125,
            32.775133
          ],
          [
            35.027104,
            32.775325
          ],
          [
            35.027146,
            32.775519
          ],
          [
            35.027161,
            32.775528
          ],
          [
            35.027174,
            32.775538
          ],
          [
            35.027187,
            32.775551
          ],
          [
            35.027192,
            32.775556
          ],
          [
            35.027201,
            32.77557
          ],
          [
            35.027205,
            32.775577
          ],
          [
            35.027212,
            32.775596
          ],
          [
            35.027216,
            32.775608
          ],
          [
            35.027218,
            32.775624
          ],
          [
            35.027218,
            32.775632
          ],
          [
            35.027217,
            32.775648
          ],
          [
            35.027214,
            32.775664
          ],
          [
            35.027211,
            32.775672
          ],
          [
            35.027208,
            32.775679
          ],
          [
            35.027201,
            32.775694
          ],
          [
            35.027191,
            32.775707
          ],
          [
            35.02718,
            32.77572
          ],
          [
            35.027174,
            32.775726
          ],
          [
            35.02716,
            32.775736
          ],
          [
            35.027146,
            32.775745
          ],
          [
            35.027138,
            32.775749
          ],
          [
            35.027121,
            32.775755
          ],
          [
            35.027111,
            32.775758
          ],
          [
            35.027185,
            32.775967
          ],
          [
            35.027188,
            32.775973
          ],
          [
            35.027307,
            32.77616
          ],
          [
            35.027376,
            32.776235
          ],
          [
            35.027441,
            32.776293
          ],
          [
            35.027522,
            32.776342
          ],
          [
            35.027586,
            32.776364
          ],
          [
            35.027676,
            32.776391
          ],
          [
            35.027827,
            32.776443
          ],
          [
            35.02802,
            32.776511
          ],
          [
            35.028116,
            32.776563
          ],
          [
            35.028202,
            32.776636
          ],
          [
            35.028326,
            32.776757
          ],
          [
            35.028372,
            32.776827
          ],
          [
            35.028427,
            32.776946
          ],
          [
            35.028441,
            32.777003
          ],
          [
            35.028451,
            32.777062
          ],
          [
            35.028444,
            32.777119
          ],
          [
            35.028428,
            32.777206
          ],
          [
            35.02837,
            32.777377
          ],
          [
            35.028318,
            32.777505
          ],
          [
            35.028286,
            32.777608
          ],
          [
            35.028244,
            32.777724
          ],
          [
            35.028139,
            32.777897
          ],
          [
            35.028082,
            32.777957
          ],
          [
            35.027947,
            32.778051
          ],
          [
            35.027911,
            32.778084
          ],
          [
            35.027811,
            32.778148
          ],
          [
            35.027711,
            32.778213
          ],
          [
            35.027612,
            32.77827
          ],
          [
            35.027457,
            32.778357
          ],
          [
            35.027085,
            32.778563
          ],
          [
            35.026854,
            32.778674
          ],
          [
            35.026747,
            32.778717
          ],
          [
            35.026607,
            32.778761
          ],
          [
            35.026604,
            32.778762
          ],
          [
            35.026362,
            32.7788
          ],
          [
            35.026153,
            32.778826
          ],
          [
            35.026045,
            32.778843
          ],
          [
            35.02594,
            32.778872
          ],
          [
            35.025832,
            32.778922
          ],
          [
            35.025731,
            32.778987
          ],
          [
            35.025658,
            32.779037
          ],
          [
            35.025581,
            32.77911
          ],
          [
            35.025511,
            32.779201
          ],
          [
            35.025459,
            32.779281
          ],
          [
            35.025378,
            32.779422
          ],
          [
            35.025298,
            32.779563
          ],
          [
            35.025197,
            32.77968
          ],
          [
            35.02512,
            32.779742
          ],
          [
            35.024901,
            32.779936
          ],
          [
            35.024838,
            32.779982
          ],
          [
            35.02472,
            32.780069
          ],
          [
            35.024659,
            32.780138
          ],
          [
            35.024528,
            32.780248
          ],
          [
            35.024353,
            32.780354
          ],
          [
            35.024098,
            32.780471
          ],
          [
            35.023866,
            32.780533
          ],
          [
            35.023765,
            32.780551
          ],
          [
            35.023686,
            32.780583
          ],
          [
            35.023609,
            32.780595
          ],
          [
            35.023498,
            32.780609
          ],
          [
            35.023376,
            32.780611
          ],
          [
            35.023247,
            32.780605
          ],
          [
            35.023125,
            32.780591
          ],
          [
            35.02298,
            32.780562
          ],
          [
            35.02286,
            32.780523
          ],
          [
            35.022692,
            32.780446
          ],
          [
            35.022576,
            32.780395
          ],
          [
            35.022567,
            32.78039
          ],
          [
            35.022327,
            32.780235
          ],
          [
            35.021925,
            32.780023
          ],
          [
            35.021915,
            32.780029
          ],
          [
            35.021899,
            32.780038
          ],
          [
            35.02189,
            32.780041
          ],
          [
            35.021873,
            32.780047
          ],
          [
            35.021855,
            32.78005
          ],
          [
            35.021846,
            32.780051
          ],
          [
            35.021827,
            32.780051
          ],
          [
            35.021817,
            32.78005
          ],
          [
            35.0218,
            32.780048
          ],
          [
            35.021791,
            32.780045
          ],
          [
            35.021774,
            32.780039
          ],
          [
            35.021758,
            32.780031
          ],
          [
            35.021743,
            32.780022
          ],
          [
            35.021735,
            32.780016
          ],
          [
            35.021729,
            32.78001
          ],
          [
            35.021717,
            32.779997
          ],
          [
            35.021707,
            32.779983
          ],
          [
            35.021702,
            32.779975
          ],
          [
            35.021695,
            32.77996
          ],
          [
            35.021689,
            32.77994
          ],
          [
            35.021536,
            32.779894
          ],
          [
            35.021416,
            32.77987
          ],
          [
            35.02128,
            32.779862
          ],
          [
            35.02117019677273,
            32.77985180398604
          ]
        ]
      }
    },
    {
      "type": "Feature",
      "properties": {
        "type": "original_route_stop",
        "stop_code": "42659",
        "stop_name": "ת. מרכזית חוף הכרמל/רציפים עירוני",
        "marker-color": "#2ca02c",
        "marker-symbol": "bus",
        "marker-size": "medium"
      },
      "geometry": {
        "type": "Point",
        "coordinates": [
          34.959025,
          32.793809
        ]
      }
    },
    {
      "type": "Feature",
      "properties": {
        "type": "original_route_stop",
        "stop_code": "42502",
        "stop_name": "סחרוב",
        "marker-color": "#2ca02c",
        "marker-symbol": "bus",
        "marker-size": "medium"
      },
      "geometry": {
        "type": "Point",
        "coordinates": [
          34.959315,
          32.790059
        ]
      }
    },
    {
      "type": "Feature",
      "properties": {
        "type": "original_route_stop",
        "stop_code": "42229",
        "stop_name": "מת''מ",
        "marker-color": "#2ca02c",
        "marker-symbol": "bus",
        "marker-size": "medium"
      },
      "geometry": {
        "type": "Point",
        "coordinates": [
          34.962291,
          32.790973
        ]
      }
    },
    {
      "type": "Feature",
      "properties": {
        "type": "original_route_stop",
        "stop_code": "43110",
        "stop_name": "בית עלמין נוצרי/ההגנה",
        "marker-color": "#2ca02c",
        "marker-symbol": "bus",
        "marker-size": "medium"
      },
      "geometry": {
        "type": "Point",
        "coordinates": [
          34.962175,
          32.7977
        ]
      }
    },
    {
      "type": "Feature",
      "properties": {
        "type": "original_route_stop",
        "stop_code": "47499",
        "stop_name": "כפר סמיר",
        "marker-color": "#2ca02c",
        "marker-symbol": "bus",
        "marker-size": "medium"
      },
      "geometry": {
        "type": "Point",
        "coordinates": [
          34.959997,
          32.801883
        ]
      }
    },
    {
      "type": "Feature",
      "properties": {
        "type": "original_route_stop",
        "stop_code": "46217",
        "stop_name": "נווה דוד",
        "marker-color": "#2ca02c",
        "marker-symbol": "bus",
        "marker-size": "medium"
      },
      "geometry": {
        "type": "Point",
        "coordinates": [
          34.958184,
          32.805604
        ]
      }
    },
    {
      "type": "Feature",
      "properties": {
        "type": "original_route_stop",
        "stop_code": "47498",
        "stop_name": "האצ''ל",
        "marker-color": "#2ca02c",
        "marker-symbol": "bus",
        "marker-size": "medium"
      },
      "geometry": {
        "type": "Point",
        "coordinates": [
          34.956622,
          32.812449
        ]
      }
    },
    {
      "type": "Feature",
      "properties": {
        "type": "original_route_stop",
        "stop_code": "42172",
        "stop_name": "ההגנה/שער העליה",
        "marker-color": "#2ca02c",
        "marker-symbol": "bus",
        "marker-size": "medium"
      },
      "geometry": {
        "type": "Point",
        "coordinates": [
          34.956106,
          32.818371
        ]
      }
    },
    {
      "type": "Feature",
      "properties": {
        "type": "original_route_stop",
        "stop_code": "47497",
        "stop_name": "שפרינצק",
        "marker-color": "#2ca02c",
        "marker-symbol": "bus",
        "marker-size": "medium"
      },
      "geometry": {
        "type": "Point",
        "coordinates": [
          34.956864,
          32.822524
        ]
      }
    },
    {
      "type": "Feature",
      "properties": {
        "type": "original_route_stop",
        "stop_code": "41757",
        "stop_name": "עין הים",
        "marker-color": "#2ca02c",
        "marker-symbol": "bus",
        "marker-size": "medium"
      },
      "geometry": {
        "type": "Point",
        "coordinates": [
          34.959919,
          32.825992
        ]
      }
    },
    {
      "type": "Feature",
      "properties": {
        "type": "original_route_stop",
        "stop_code": "41099",
        "stop_name": "התורן",
        "marker-color": "#2ca02c",
        "marker-symbol": "bus",
        "marker-size": "medium"
      },
      "geometry": {
        "type": "Point",
        "coordinates": [
          34.963455,
          32.828944
        ]
      }
    },
    {
      "type": "Feature",
      "properties": {
        "type": "original_route_stop",
        "stop_code": "42208",
        "stop_name": "אלנבי",
        "marker-color": "#2ca02c",
        "marker-symbol": "bus",
        "marker-size": "medium"
      },
      "geometry": {
        "type": "Point",
        "coordinates": [
          34.970092,
          32.830346
        ]
      }
    },
    {
      "type": "Feature",
      "properties": {
        "type": "original_route_stop",
        "stop_code": "43139",
        "stop_name": "המוזיאון הימי/דרך אלנבי",
        "marker-color": "#2ca02c",
        "marker-symbol": "bus",
        "marker-size": "medium"
      },
      "geometry": {
        "type": "Point",
        "coordinates": [
          34.971897,
          32.828987
        ]
      }
    },
    {
      "type": "Feature",
      "properties": {
        "type": "original_route_stop",
        "stop_code": "42515",
        "stop_name": "העליה השניה/אלישע",
        "marker-color": "#2ca02c",
        "marker-symbol": "bus",
        "marker-size": "medium"
      },
      "geometry": {
        "type": "Point",
        "coordinates": [
          34.974277,
          32.831726
        ]
      }
    },
    {
      "type": "Feature",
      "properties": {
        "type": "original_route_stop",
        "stop_code": "42516",
        "stop_name": "העליה השניה/הקלעים",
        "marker-color": "#2ca02c",
        "marker-symbol": "bus",
        "marker-size": "medium"
      },
      "geometry": {
        "type": "Point",
        "coordinates": [
          34.975986,
          32.832089
        ]
      }
    },
    {
      "type": "Feature",
      "properties": {
        "type": "original_route_stop",
        "stop_code": "43033",
        "stop_name": "העליה השניה/נהלל",
        "marker-color": "#2ca02c",
        "marker-symbol": "bus",
        "marker-size": "medium"
      },
      "geometry": {
        "type": "Point",
        "coordinates": [
          34.978783,
          32.832124
        ]
      }
    },
    {
      "type": "Feature",
      "properties": {
        "type": "original_route_stop",
        "stop_code": "41161",
        "stop_name": "בית ספר עליה/העליה השניה",
        "marker-color": "#2ca02c",
        "marker-symbol": "bus",
        "marker-size": "medium"
      },
      "geometry": {
        "type": "Point",
        "coordinates": [
          34.981415,
          32.832021
        ]
      }
    },
    {
      "type": "Feature",
      "properties": {
        "type": "original_route_stop",
        "stop_code": "42001",
        "stop_name": "בי''ח רמב''ם/העלייה השנייה",
        "marker-color": "#2ca02c",
        "marker-symbol": "bus",
        "marker-size": "medium"
      },
      "geometry": {
        "type": "Point",
        "coordinates": [
          34.984594,
          32.831654
        ]
      }
    },
    {
      "type": "Feature",
      "properties": {
        "type": "original_route_stop",
        "stop_code": "42746",
        "stop_name": "חיל הים/העלייה השנייה",
        "marker-color": "#2ca02c",
        "marker-symbol": "bus",
        "marker-size": "medium"
      },
      "geometry": {
        "type": "Point",
        "coordinates": [
          34.985302,
          32.830821
        ]
      }
    },
    {
      "type": "Feature",
      "properties": {
        "type": "original_route_stop",
        "stop_code": "42947",
        "stop_name": "צומת דולפין/שדרות רוטשילד",
        "marker-color": "#2ca02c",
        "marker-symbol": "bus",
        "marker-size": "medium"
      },
      "geometry": {
        "type": "Point",
        "coordinates": [
          34.983474,
          32.827198
        ]
      }
    },
    {
      "type": "Feature",
      "properties": {
        "type": "original_route_stop",
        "stop_code": "43032",
        "stop_name": "מרכז רפואי לין/רוטשילד",
        "marker-color": "#2ca02c",
        "marker-symbol": "bus",
        "marker-size": "medium"
      },
      "geometry": {
        "type": "Point",
        "coordinates": [
          34.983761,
          32.825496
        ]
      }
    },
    {
      "type": "Feature",
      "properties": {
        "type": "original_route_stop",
        "stop_code": "47881",
        "stop_name": "בית חולים איטלקי/המגינים",
        "marker-color": "#2ca02c",
        "marker-symbol": "bus",
        "marker-size": "medium"
      },
      "geometry": {
        "type": "Point",
        "coordinates": [
          34.989222,
          32.822102
        ]
      }
    },
    {
      "type": "Feature",
      "properties": {
        "type": "original_route_stop",
        "stop_code": "41539",
        "stop_name": "המגינים/בן גוריון",
        "marker-color": "#2ca02c",
        "marker-symbol": "bus",
        "marker-size": "medium"
      },
      "geometry": {
        "type": "Point",
        "coordinates": [
          34.990833,
          32.821417
        ]
      }
    },
    {
      "type": "Feature",
      "properties": {
        "type": "original_route_stop",
        "stop_code": "42956",
        "stop_name": "העצמאות/שדרות בן גוריון",
        "marker-color": "#2ca02c",
        "marker-symbol": "bus",
        "marker-size": "medium"
      },
      "geometry": {
        "type": "Point",
        "coordinates": [
          34.992828,
          32.823547
        ]
      }
    },
    {
      "type": "Feature",
      "properties": {
        "type": "original_route_stop",
        "stop_code": "41540",
        "stop_name": "תחנת רכבת חיפה מרכז השמונה",
        "marker-color": "#2ca02c",
        "marker-symbol": "bus",
        "marker-size": "medium"
      },
      "geometry": {
        "type": "Point",
        "coordinates": [
          34.99685,
          32.820918
        ]
      }
    },
    {
      "type": "Feature",
      "properties": {
        "type": "original_route_stop",
        "stop_code": "41514",
        "stop_name": "קריית הממשלה/העצמאות",
        "marker-color": "#2ca02c",
        "marker-symbol": "bus",
        "marker-size": "medium"
      },
      "geometry": {
        "type": "Point",
        "coordinates": [
          35.00317,
          32.816241
        ]
      }
    },
    {
      "type": "Feature",
      "properties": {
        "type": "original_route_stop",
        "stop_code": "43108",
        "stop_name": "פלים/קיבוץ גלויות",
        "marker-color": "#2ca02c",
        "marker-symbol": "bus",
        "marker-size": "medium"
      },
      "geometry": {
        "type": "Point",
        "coordinates": [
          35.00326,
          32.813492
        ]
      }
    },
    {
      "type": "Feature",
      "properties": {
        "type": "original_route_stop",
        "stop_code": "43117",
        "stop_name": "ואדי סאליב",
        "marker-color": "#2ca02c",
        "marker-symbol": "bus",
        "marker-size": "medium"
      },
      "geometry": {
        "type": "Point",
        "coordinates": [
          35.004953,
          32.810237
        ]
      }
    },
    {
      "type": "Feature",
      "properties": {
        "type": "original_route_stop",
        "stop_code": "41667",
        "stop_name": "חטיבת גולני/מחלף חירם",
        "marker-color": "#2ca02c",
        "marker-symbol": "bus",
        "marker-size": "medium"
      },
      "geometry": {
        "type": "Point",
        "coordinates": [
          35.00809,
          32.807408
        ]
      }
    },
    {
      "type": "Feature",
      "properties": {
        "type": "original_route_stop",
        "stop_code": "42625",
        "stop_name": "יד לבנים/בר יהודה",
        "marker-color": "#2ca02c",
        "marker-symbol": "bus",
        "marker-size": "medium"
      },
      "geometry": {
        "type": "Point",
        "coordinates": [
          35.010274,
          32.803454
        ]
      }
    },
    {
      "type": "Feature",
      "properties": {
        "type": "original_route_stop",
        "stop_code": "41275",
        "stop_name": "יד לבנים/הגיבורים",
        "marker-color": "#2ca02c",
        "marker-symbol": "bus",
        "marker-size": "medium"
      },
      "geometry": {
        "type": "Point",
        "coordinates": [
          35.010974,
          32.801056
        ]
      }
    },
    {
      "type": "Feature",
      "properties": {
        "type": "original_route_stop",
        "stop_code": "41276",
        "stop_name": "יד לבנים/הירדן",
        "marker-color": "#2ca02c",
        "marker-symbol": "bus",
        "marker-size": "medium"
      },
      "geometry": {
        "type": "Point",
        "coordinates": [
          35.012675,
          32.799319
        ]
      }
    },
    {
      "type": "Feature",
      "properties": {
        "type": "original_route_stop",
        "stop_code": "42622",
        "stop_name": "יד לבנים/רזיאל",
        "marker-color": "#2ca02c",
        "marker-symbol": "bus",
        "marker-size": "medium"
      },
      "geometry": {
        "type": "Point",
        "coordinates": [
          35.014686,
          32.797715
        ]
      }
    },
    {
      "type": "Feature",
      "properties": {
        "type": "original_route_stop",
        "stop_code": "41266",
        "stop_name": "יד לבנים/פאר",
        "marker-color": "#2ca02c",
        "marker-symbol": "bus",
        "marker-size": "medium"
      },
      "geometry": {
        "type": "Point",
        "coordinates": [
          35.016764,
          32.79562
        ]
      }
    },
    {
      "type": "Feature",
      "properties": {
        "type": "original_route_stop",
        "stop_code": "41992",
        "stop_name": "יד לבנים/ערד",
        "marker-color": "#2ca02c",
        "marker-symbol": "bus",
        "marker-size": "medium"
      },
      "geometry": {
        "type": "Point",
        "coordinates": [
          35.018089,
          32.794214
        ]
      }
    },
    {
      "type": "Feature",
      "properties": {
        "type": "original_route_stop",
        "stop_code": "41262",
        "stop_name": "יד לבנים/מעלות דב גרונר",
        "marker-color": "#2ca02c",
        "marker-symbol": "bus",
        "marker-size": "medium"
      },
      "geometry": {
        "type": "Point",
        "coordinates": [
          35.0155,
          32.795499
        ]
      }
    },
    {
      "type": "Feature",
      "properties": {
        "type": "original_route_stop",
        "stop_code": "41263",
        "stop_name": "יד לבנים א",
        "marker-color": "#2ca02c",
        "marker-symbol": "bus",
        "marker-size": "medium"
      },
      "geometry": {
        "type": "Point",
        "coordinates": [
          35.012322,
          32.79734
        ]
      }
    },
    {
      "type": "Feature",
      "properties": {
        "type": "original_route_stop",
        "stop_code": "41264",
        "stop_name": "יד לבנים ב",
        "marker-color": "#2ca02c",
        "marker-symbol": "bus",
        "marker-size": "medium"
      },
      "geometry": {
        "type": "Point",
        "coordinates": [
          35.008957,
          32.798413
        ]
      }
    },
    {
      "type": "Feature",
      "properties": {
        "type": "original_route_stop",
        "stop_code": "41256",
        "stop_name": "יד לבנים/הלל סילבר",
        "marker-color": "#2ca02c",
        "marker-symbol": "bus",
        "marker-size": "medium"
      },
      "geometry": {
        "type": "Point",
        "coordinates": [
          35.007096,
          32.796975
        ]
      }
    },
    {
      "type": "Feature",
      "properties": {
        "type": "original_route_stop",
        "stop_code": "41231",
        "stop_name": "ניסנבוים/פרץ מרקיש",
        "marker-color": "#2ca02c",
        "marker-symbol": "bus",
        "marker-size": "medium"
      },
      "geometry": {
        "type": "Point",
        "coordinates": [
          35.008895,
          32.795378
        ]
      }
    },
    {
      "type": "Feature",
      "properties": {
        "type": "original_route_stop",
        "stop_code": "41208",
        "stop_name": "טרומפלדור/מרכז זיו",
        "marker-color": "#2ca02c",
        "marker-symbol": "bus",
        "marker-size": "medium"
      },
      "geometry": {
        "type": "Point",
        "coordinates": [
          35.014971,
          32.78356
        ]
      }
    },
    {
      "type": "Feature",
      "properties": {
        "type": "original_route_stop",
        "stop_code": "41202",
        "stop_name": "קומוי/חנקין",
        "marker-color": "#2ca02c",
        "marker-symbol": "bus",
        "marker-size": "medium"
      },
      "geometry": {
        "type": "Point",
        "coordinates": [
          35.013665,
          32.781472
        ]
      }
    },
    {
      "type": "Feature",
      "properties": {
        "type": "original_route_stop",
        "stop_code": "40297",
        "stop_name": "מלל/יערי",
        "marker-color": "#2ca02c",
        "marker-symbol": "bus",
        "marker-size": "medium"
      },
      "geometry": {
        "type": "Point",
        "coordinates": [
          35.014026,
          32.779589
        ]
      }
    },
    {
      "type": "Feature",
      "properties": {
        "type": "original_route_stop",
        "stop_code": "43280",
        "stop_name": "טכניון/מעונות נווה אמריקה",
        "marker-color": "#2ca02c",
        "marker-symbol": "bus",
        "marker-size": "medium"
      },
      "geometry": {
        "type": "Point",
        "coordinates": [
          35.016199,
          32.778214
        ]
      }
    },
    {
      "type": "Feature",
      "properties": {
        "type": "original_route_stop",
        "stop_code": "41200",
        "stop_name": "טכניון/מעונות העמים",
        "marker-color": "#2ca02c",
        "marker-symbol": "bus",
        "marker-size": "medium"
      },
      "geometry": {
        "type": "Point",
        "coordinates": [
          35.020041,
          32.776736
        ]
      }
    },
    {
      "type": "Feature",
      "properties": {
        "type": "original_route_stop",
        "stop_code": "43078",
        "stop_name": "טכניון/מרכז המבקרים",
        "marker-color": "#2ca02c",
        "marker-symbol": "bus",
        "marker-size": "medium"
      },
      "geometry": {
        "type": "Point",
        "coordinates": [
          35.023589,
          32.774582
        ]
      }
    },
    {
      "type": "Feature",
      "properties": {
        "type": "original_route_stop",
        "stop_code": "41205",
        "stop_name": "טכניון/הנדסת חומרים",
        "marker-color": "#2ca02c",
        "marker-symbol": "bus",
        "marker-size": "medium"
      },
      "geometry": {
        "type": "Point",
        "coordinates": [
          35.025582,
          32.774777
        ]
      }
    },
    {
      "type": "Feature",
      "properties": {
        "type": "original_route_stop",
        "stop_code": "40309",
        "stop_name": "טכניון/בית ספר להנדסאים",
        "marker-color": "#2ca02c",
        "marker-symbol": "bus",
        "marker-size": "medium"
      },
      "geometry": {
        "type": "Point",
        "coordinates": [
          35.027276,
          32.776017
        ]
      }
    },
    {
      "type": "Feature",
      "properties": {
        "type": "original_route_stop",
        "stop_code": "43073",
        "stop_name": "טכניון/ביוטכנולוגיה ומזון",
        "marker-color": "#2ca02c",
        "marker-symbol": "bus",
        "marker-size": "medium"
      },
      "geometry": {
        "type": "Point",
        "coordinates": [
          35.028477,
          32.777223
        ]
      }
    },
    {
      "type": "Feature",
      "properties": {
        "type": "original_route_stop",
        "stop_code": "40311",
        "stop_name": "טכניון/הנדסה כימית",
        "marker-color": "#2ca02c",
        "marker-symbol": "bus",
        "marker-size": "medium"
      },
      "geometry": {
        "type": "Point",
        "coordinates": [
          35.027195,
          32.778556
        ]
      }
    },
    {
      "type": "Feature",
      "properties": {
        "type": "original_route_stop",
        "stop_code": "43076",
        "stop_name": "טכניון/הנדסה חקלאית",
        "marker-color": "#2ca02c",
        "marker-symbol": "bus",
        "marker-size": "medium"
      },
      "geometry": {
        "type": "Point",
        "coordinates": [
          35.02467,
          32.780193
        ]
      }
    },
    {
      "type": "Feature",
      "properties": {
        "type": "original_route_stop",
        "stop_code": "43022",
        "stop_name": "טכניון/הנדסה אזרחית",
        "marker-color": "#2ca02c",
        "marker-symbol": "bus",
        "marker-size": "medium"
      },
      "geometry": {
        "type": "Point",
        "coordinates": [
          35.021166,
          32.779897
        ]
      }
    },
    {
      "type": "Feature",
      "properties": {
        "type": "cancelled_stop",
        "stop_code": "41242",
        "stop_name": "הבנים/הגליל",
        "marker-color": "#ff0000",
        "marker-symbol": "bus",
        "marker-size": "medium"
      },
      "geometry": {
        "type": "Point",
        "coordinates": [
          35.01277,
          32.794059
        ]
      }
    },
    {
      "type": "Feature",
      "properties": {
        "type": "cancelled_stop",
        "stop_code": "41237",
        "stop_name": "התיכון/אשר",
        "marker-color": "#ff0000",
        "marker-symbol": "bus",
        "marker-size": "medium"
      },
      "geometry": {
        "type": "Point",
        "coordinates": [
          35.01372,
          32.792565
        ]
      }
    },
    {
      "type": "Feature",
      "properties": {
        "type": "cancelled_stop",
        "stop_code": "41238",
        "stop_name": "התיכון/ציון",
        "marker-color": "#ff0000",
        "marker-symbol": "bus",
        "marker-size": "medium"
      },
      "geometry": {
        "type": "Point",
        "coordinates": [
          35.016202,
          32.790048
        ]
      }
    },
    {
      "type": "Feature",
      "properties": {
        "type": "cancelled_stop",
        "stop_code": "41239",
        "stop_name": "התיכון/הברכה",
        "marker-color": "#ff0000",
        "marker-symbol": "bus",
        "marker-size": "medium"
      },
      "geometry": {
        "type": "Point",
        "coordinates": [
          35.017592,
          32.78848
        ]
      }
    },
    {
      "type": "Feature",
      "properties": {
        "type": "cancelled_stop",
        "stop_code": "41240",
        "stop_name": "התיכון/טרומפלדור",
        "marker-color": "#ff0000",
        "marker-symbol": "bus",
        "marker-size": "medium"
      },
      "geometry": {
        "type": "Point",
        "coordinates": [
          35.019179,
          32.786449
        ]
      }
    },
    {
      "type": "Feature",
      "properties": {
        "type": "new_stop",
        "stop_code": "41892",
        "stop_name": "הגליל/הבנים",
        "marker-color": "#1f9ed6",
        "marker-symbol": "bus",
        "marker-size": "medium"
      },
      "geometry": {
        "type": "Point",
        "coordinates": [
          35.013536,
          32.794061
        ]
      }
    },
    {
      "type": "Feature",
      "properties": {
        "type": "new_stop",
        "stop_code": "41893",
        "stop_name": "הגליל/ציון",
        "marker-color": "#1f9ed6",
        "marker-symbol": "bus",
        "marker-size": "medium"
      },
      "geometry": {
        "type": "Point",
        "coordinates": [
          35.015937,
          32.792283
        ]
      }
    },
    {
      "type": "Feature",
      "properties": {
        "type": "new_stop",
        "stop_code": "43020",
        "stop_name": "הגליל/הבריכה",
        "marker-color": "#1f9ed6",
        "marker-symbol": "bus",
        "marker-size": "medium"
      },
      "geometry": {
        "type": "Point",
        "coordinates": [
          35.018829,
          32.789391
        ]
      }
    },
    {
      "type": "Feature",
      "properties": {
        "type": "new_stop",
        "stop_code": "43019",
        "stop_name": "טרומפלדור/התיכון",
        "marker-color": "#1f9ed6",
        "marker-symbol": "bus",
        "marker-size": "medium"
      },
      "geometry": {
        "type": "Point",
        "coordinates": [
          35.019772,
          32.786572
        ]
      }
    },
    {
      "type": "Feature",
      "properties": {
        "type": "reported_block_stop",
        "stop_code": "41238",
        "stop_name": "התיכון/ציון",
        "marker-color": "#ff8800",
        "marker-symbol": "bus",
        "marker-size": "medium"
      },
      "geometry": {
        "type": "Point",
        "coordinates": [
          35.016202,
          32.790048
        ]
      }
    },
    {
      "type": "Feature",
      "properties": {
        "type": "reported_block_stop",
        "stop_code": "41239",
        "stop_name": "התיכון/הברכה",
        "marker-color": "#ff8800",
        "marker-symbol": "bus",
        "marker-size": "medium"
      },
      "geometry": {
        "type": "Point",
        "coordinates": [
          35.017592,
          32.78848
        ]
      }
    },
    {
      "type": "Feature",
      "properties": {
        "type": "deviate_from_stop",
        "stop_code": "41236",
        "stop_name": "הגליל/נתיב חן",
        "marker-color": "#8000ff",
        "marker-symbol": "bus",
        "marker-size": "medium"
      },
      "geometry": {
        "type": "Point",
        "coordinates": [
          35.011436,
          32.795377
        ]
      }
    },
    {
      "type": "Feature",
      "properties": {
        "type": "deviate_to_stop",
        "stop_code": "43077",
        "stop_name": "טרומפלדור/חניתה",
        "marker-color": "#8000ff",
        "marker-symbol": "bus",
        "marker-size": "medium"
      },
      "geometry": {
        "type": "Point",
        "coordinates": [
          35.017323,
          32.785034
        ]
      }
    }
  ]
}