{
  "type": "FeatureCollection",
  "features": [
    {
      "type": "Feature",
      "properties": {
        "type": "deviation_path",
        "trip_id": "10383301_020826",
        "shape_id": "137278",
        "stroke": "#00bcd4",
        "stroke-width": 3,
        "stroke-opacity": 0.95
      },
      "geometry": {
        "type": "LineString",
        "coordinates": [
          [
            34.96361622964399,
            32.80603903189989
          ],
          [
            34.963541,
            32.8061
          ],
          [
            34.963481,
            32.806165
          ],
          [
            34.963165,
            32.806566
          ],
          [
            34.96298,
            32.807008
          ],
          [
            34.962907,
            32.807269
          ],
          [
            34.962875,
            32.807346
          ],
          [
            34.962794,
            32.807548
          ],
          [
            34.962687,
            32.807814
          ],
          [
            34.962602,
            32.807937
          ],
          [
            34.962514,
            32.808065
          ],
          [
            34.962285,
            32.808395
          ],
          [
            34.961992,
            32.808813
          ],
          [
            34.961874,
            32.808993
          ],
          [
            34.961594,
            32.809385
          ],
          [
            34.961453,
            32.809537
          ],
          [
            34.961326,
            32.809771
          ],
          [
            34.961313,
            32.809793
          ],
          [
            34.961252,
            32.809894
          ],
          [
            34.961146,
            32.810066
          ],
          [
            34.96077,
            32.810534
          ],
          [
            34.960571,
            32.810767
          ],
          [
            34.960575,
            32.810776
          ],
          [
            34.960578,
            32.810784
          ],
          [
            34.960579,
            32.810792
          ],
          [
            34.960579,
            32.8108
          ],
          [
            34.960578,
            32.810809
          ],
          [
            34.960575,
            32.810817
          ],
          [
            34.960572,
            32.810825
          ],
          [
            34.960567,
            32.810832
          ],
          [
            34.960561,
            32.810839
          ],
          [
            34.960554,
            32.810845
          ],
          [
            34.960547,
            32.81085
          ],
          [
            34.960538,
            32.810855
          ],
          [
            34.96053,
            32.810858
          ],
          [
            34.96052,
            32.810861
          ],
          [
            34.96051,
            32.810863
          ],
          [
            34.9605,
            32.810863
          ],
          [
            34.960339,
            32.81111
          ],
          [
            34.9603,
            32.811196
          ],
          [
            34.96028,
            32.811301
          ],
          [
            34.96028,
            32.811385
          ],
          [
            34.960292,
            32.811499
          ],
          [
            34.960318,
            32.811581
          ],
          [
            34.960358,
            32.811678
          ],
          [
            34.960486,
            32.811995
          ],
          [
            34.960509,
            32.811994
          ],
          [
            34.960531,
            32.811998
          ],
          [
            34.960552,
            32.812004
          ],
          [
            34.960571,
            32.812014
          ],
          [
            34.96058,
            32.812021
          ],
          [
            34.960588,
            32.812027
          ],
          [
            34.960601,
            32.812042
          ],
          [
            34.960608,
            32.812053
          ],
          [
            34.960616,
            32.812071
          ],
          [
            34.960618,
            32.812085
          ],
          [
            34.960619,
            32.81209
          ],
          [
            34.960618,
            32.812109
          ],
          [
            34.960614,
            32.812127
          ],
          [
            34.960605,
            32.812144
          ],
          [
            34.960592,
            32.81216
          ],
          [
            34.96058,
            32.812171
          ],
          [
            34.960578,
            32.812334
          ],
          [
            34.960612,
            32.812494
          ],
          [
            34.960619,
            32.812635
          ],
          [
            34.960654,
            32.812961
          ],
          [
            34.960712,
            32.813558
          ],
          [
            34.960732,
            32.813676
          ],
          [
            34.960736,
            32.813696
          ],
          [
            34.960735,
            32.813746
          ],
          [
            34.960696,
            32.813936
          ],
          [
            34.96066,
            32.814017
          ],
          [
            34.960575,
            32.814299
          ],
          [
            34.960536,
            32.814412
          ],
          [
            34.960472,
            32.814578
          ],
          [
            34.960413,
            32.814791
          ],
          [
            34.96029689569652,
            32.81519117283265
          ]
        ]
      }
    },
    {
      "type": "Feature",
      "properties": {
        "type": "original_route_shape",
        "shape_id": "137833",
        "stroke": "#1f2a7a",
        "stroke-width": 3,
        "stroke-opacity": 0.85
      },
      "geometry": {
        "type": "LineString",
        "coordinates": [
          [
            34.95902515158017,
            32.79385386773115
          ],
          [
            34.959282,
            32.793853
          ],
          [
            34.959358,
            32.793853
          ],
          [
            34.960173,
            32.793858
          ],
          [
            34.960253,
            32.793852
          ],
          [
            34.960296,
            32.79384
          ],
          [
            34.960335,
            32.793818
          ],
          [
            34.960355,
            32.793791
          ],
          [
            34.960369,
            32.793765
          ],
          [
            34.960372,
            32.79373
          ],
          [
            34.960369,
            32.793703
          ],
          [
            34.960361,
            32.793666
          ],
          [
            34.960344,
            32.793643
          ],
          [
            34.960289,
            32.793573
          ],
          [
            34.960238,
            32.793518
          ],
          [
            34.960143,
            32.793429
          ],
          [
            34.960092,
            32.793393
          ],
          [
            34.960027,
            32.793343
          ],
          [
            34.960004,
            32.793327
          ],
          [
            34.959949,
            32.793288
          ],
          [
            34.959876,
            32.793244
          ],
          [
            34.959801,
            32.793196
          ],
          [
            34.959698,
            32.793131
          ],
          [
            34.959614,
            32.793083
          ],
          [
            34.959523,
            32.793037
          ],
          [
            34.959318,
            32.792944
          ],
          [
            34.959214,
            32.792905
          ],
          [
            34.959104,
            32.79287
          ],
          [
            34.959011,
            32.792847
          ],
          [
            34.958931,
            32.792834
          ],
          [
            34.958821,
            32.79282
          ],
          [
            34.958766,
            32.792818
          ],
          [
            34.958711,
            32.792821
          ],
          [
            34.958519,
            32.792839
          ],
          [
            34.958204,
            32.79288
          ],
          [
            34.957915,
            32.792888
          ],
          [
            34.957866,
            32.792886
          ],
          [
            34.95782,
            32.792879
          ],
          [
            34.957777,
            32.792866
          ],
          [
            34.957732,
            32.792848
          ],
          [
            34.957695,
            32.792824
          ],
          [
            34.957673,
            32.792804
          ],
          [
            34.957616,
            32.792742
          ],
          [
            34.957598,
            32.79261
          ],
          [
            34.957584,
            32.792364
          ],
          [
            34.957582,
            32.792275
          ],
          [
            34.95759,
            32.792173
          ],
          [
            34.957609,
            32.792098
          ],
          [
            34.957624,
            32.792045
          ],
          [
            34.957685,
            32.791891
          ],
          [
            34.957722,
            32.791824
          ],
          [
            34.957774,
            32.791756
          ],
          [
            34.957845,
            32.791692
          ],
          [
            34.957895,
            32.791652
          ],
          [
            34.957966,
            32.791599
          ],
          [
            34.958026,
            32.791547
          ],
          [
            34.958102,
            32.791469
          ],
          [
            34.958194,
            32.791366
          ],
          [
            34.958276,
            32.79128
          ],
          [
            34.958339,
            32.791189
          ],
          [
            34.958399,
            32.791096
          ],
          [
            34.958444,
            32.791006
          ],
          [
            34.958517,
            32.790743
          ],
          [
            34.958547,
            32.790659
          ],
          [
            34.958573,
            32.790564
          ],
          [
            34.958591,
            32.790479
          ],
          [
            34.958586,
            32.790473
          ],
          [
            34.958579,
            32.790461
          ],
          [
            34.958574,
            32.790449
          ],
          [
            34.958571,
            32.790436
          ],
          [
            34.958569,
            32.790422
          ],
          [
            34.95857,
            32.790409
          ],
          [
            34.958572,
            32.790396
          ],
          [
            34.958575,
            32.790389
          ],
          [
            34.95858,
            32.790377
          ],
          [
            34.958587,
            32.790365
          ],
          [
            34.958601,
            32.790349
          ],
          [
            34.958618,
            32.790335
          ],
          [
            34.958628,
            32.79033
          ],
          [
            34.958637,
            32.790325
          ],
          [
            34.958659,
            32.790317
          ],
          [
            34.958675,
            32.790314
          ],
          [
            34.958682,
            32.790313
          ],
          [
            34.958773,
            32.790266
          ],
          [
            34.958873,
            32.790212
          ],
          [
            34.95896,
            32.79017
          ],
          [
            34.959034,
            32.790143
          ],
          [
            34.959101,
            32.790122
          ],
          [
            34.959198,
            32.79011
          ],
          [
            34.95933,
            32.790103
          ],
          [
            34.959521,
            32.790112
          ],
          [
            34.959942,
            32.79014
          ],
          [
            34.960106,
            32.790151
          ],
          [
            34.960292,
            32.790164
          ],
          [
            34.960428,
            32.790174
          ],
          [
            34.961451,
            32.790244
          ],
          [
            34.962122,
            32.790268
          ],
          [
            34.962194,
            32.790268
          ],
          [
            34.962283,
            32.790268
          ],
          [
            34.962671,
            32.790261
          ],
          [
            34.96318,
            32.790257
          ],
          [
            34.963331,
            32.790255
          ],
          [
            34.963638,
            32.790255
          ],
          [
            34.964081,
            32.790263
          ],
          [
            34.964454,
            32.790268
          ],
          [
            34.964612,
            32.790267
          ],
          [
            34.964611,
            32.790395
          ],
          [
            34.964576,
            32.790622
          ],
          [
            34.964544,
            32.791181
          ],
          [
            34.96453,
            32.791336
          ],
          [
            34.964498,
            32.791705
          ],
          [
            34.964491,
            32.791776
          ],
          [
            34.964452,
            32.79216
          ],
          [
            34.96443,
            32.792385
          ],
          [
            34.964423,
            32.792455
          ],
          [
            34.96439,
            32.792598
          ],
          [
            34.964388,
            32.792632
          ],
          [
            34.964373,
            32.79276
          ],
          [
            34.964341,
            32.792998
          ],
          [
            34.964277,
            32.793381
          ],
          [
            34.964248,
            32.793707
          ],
          [
            34.964226,
            32.794086
          ],
          [
            34.964225,
            32.794166
          ],
          [
            34.964228,
            32.794222
          ],
          [
            34.964247,
            32.79422
          ],
          [
            34.96426,
            32.79422
          ],
          [
            34.964273,
            32.794222
          ],
          [
            34.964286,
            32.794225
          ],
          [
            34.964298,
            32.794229
          ],
          [
            34.964309,
            32.794235
          ],
          [
            34.96432,
            32.794241
          ],
          [
            34.964329,
            32.794249
          ],
          [
            34.964338,
            32.794258
          ],
          [
            34.964345,
            32.794267
          ],
          [
            34.96435,
            32.794277
          ],
          [
            34.964354,
            32.794288
          ],
          [
            34.964357,
            32.794299
          ],
          [
            34.964357,
            32.79431
          ],
          [
            34.964357,
            32.794321
          ],
          [
            34.964354,
            32.794333
          ],
          [
            34.964414,
            32.794351
          ],
          [
            34.964523,
            32.794352
          ],
          [
            34.964752,
            32.794358
          ],
          [
            34.965212,
            32.794354
          ],
          [
            34.965944,
            32.794373
          ],
          [
            34.966048,
            32.794371
          ],
          [
            34.966629,
            32.794362
          ],
          [
            34.967014,
            32.794359
          ],
          [
            34.967009,
            32.794346
          ],
          [
            34.967007,
            32.794333
          ],
          [
            34.967007,
            32.794321
          ],
          [
            34.967008,
            32.794308
          ],
          [
            34.967011,
            32.794296
          ],
          [
            34.967016,
            32.794284
          ],
          [
            34.967023,
            32.794273
          ],
          [
            34.967031,
            32.794262
          ],
          [
            34.967041,
            32.794253
          ],
          [
            34.967052,
            32.794244
          ],
          [
            34.967065,
            32.794237
          ],
          [
            34.967078,
            32.794231
          ],
          [
            34.967092,
            32.794227
          ],
          [
            34.967107,
            32.794224
          ],
          [
            34.967121,
            32.794223
          ],
          [
            34.967136,
            32.794223
          ],
          [
            34.967151,
            32.794225
          ],
          [
            34.967166,
            32.794228
          ],
          [
            34.967179,
            32.794233
          ],
          [
            34.967192,
            32.794239
          ],
          [
            34.967204,
            32.794247
          ],
          [
            34.967214,
            32.794254
          ],
          [
            34.967229,
            32.79427
          ],
          [
            34.967236,
            32.794282
          ],
          [
            34.967241,
            32.794293
          ],
          [
            34.967246,
            32.794312
          ],
          [
            34.967247,
            32.794324
          ],
          [
            34.967246,
            32.794337
          ],
          [
            34.967243,
            32.794349
          ],
          [
            34.967241,
            32.794357
          ],
          [
            34.967232,
            32.794373
          ],
          [
            34.967224,
            32.794384
          ],
          [
            34.967215,
            32.794393
          ],
          [
            34.967198,
            32.794406
          ],
          [
            34.967179,
            32.794416
          ],
          [
            34.967165,
            32.79442
          ],
          [
            34.967143,
            32.794425
          ],
          [
            34.967124,
            32.794426
          ],
          [
            34.967027,
            32.796459
          ],
          [
            34.967041,
            32.796461
          ],
          [
            34.967053,
            32.796465
          ],
          [
            34.967065,
            32.796471
          ],
          [
            34.967075,
            32.796479
          ],
          [
            34.967084,
            32.796488
          ],
          [
            34.96709,
            32.796498
          ],
          [
            34.967092,
            32.796506
          ],
          [
            34.967094,
            32.796513
          ],
          [
            34.967094,
            32.796525
          ],
          [
            34.967092,
            32.796536
          ],
          [
            34.967088,
            32.796547
          ],
          [
            34.967083,
            32.796554
          ],
          [
            34.967078,
            32.79656
          ],
          [
            34.967068,
            32.796568
          ],
          [
            34.967057,
            32.796575
          ],
          [
            34.967045,
            32.79658
          ],
          [
            34.967031,
            32.796582
          ],
          [
            34.967017,
            32.796583
          ],
          [
            34.967069,
            32.796923
          ],
          [
            34.967069,
            32.797114
          ],
          [
            34.96706,
            32.797275
          ],
          [
            34.967034,
            32.797437
          ],
          [
            34.967008,
            32.797571
          ],
          [
            34.966961,
            32.797744
          ],
          [
            34.966973,
            32.797747
          ],
          [
            34.96699,
            32.797753
          ],
          [
            34.967005,
            32.797762
          ],
          [
            34.967018,
            32.797773
          ],
          [
            34.967026,
            32.797781
          ],
          [
            34.96703,
            32.797788
          ],
          [
            34.967034,
            32.797795
          ],
          [
            34.967039,
            32.797809
          ],
          [
            34.967041,
            32.797824
          ],
          [
            34.967039,
            32.79784
          ],
          [
            34.967034,
            32.797854
          ],
          [
            34.967025,
            32.797868
          ],
          [
            34.967039,
            32.797945
          ],
          [
            34.967049,
            32.798036
          ],
          [
            34.96705,
            32.798114
          ],
          [
            34.967042,
            32.798199
          ],
          [
            34.967087,
            32.798558
          ],
          [
            34.9671,
            32.798654
          ],
          [
            34.96717,
            32.799159
          ],
          [
            34.967297,
            32.799989
          ],
          [
            34.967313,
            32.800094
          ],
          [
            34.967334,
            32.800317
          ],
          [
            34.967351,
            32.80044
          ],
          [
            34.967364,
            32.800509
          ],
          [
            34.967379,
            32.80079
          ],
          [
            34.967406,
            32.801264
          ],
          [
            34.967334,
            32.801651
          ],
          [
            34.967222,
            32.801965
          ],
          [
            34.967123,
            32.802161
          ],
          [
            34.966936,
            32.802499
          ],
          [
            34.966837,
            32.802645
          ],
          [
            34.96642,
            32.8032
          ],
          [
            34.965939,
            32.803862
          ],
          [
            34.965114,
            32.80494
          ],
          [
            34.964814,
            32.805209
          ],
          [
            34.96454,
            32.805422
          ],
          [
            34.964206,
            32.805624
          ],
          [
            34.964003,
            32.805749
          ],
          [
            34.963982,
            32.805762
          ],
          [
            34.963752,
            32.805929
          ],
          [
            34.963541,
            32.8061
          ],
          [
            34.963481,
            32.806165
          ],
          [
            34.963165,
            32.806566
          ],
          [
            34.96298,
            32.807008
          ],
          [
            34.962857,
            32.806989
          ],
          [
            34.962767,
            32.80697
          ],
          [
            34.962431,
            32.806892
          ],
          [
            34.962222,
            32.806846
          ],
          [
            34.961787,
            32.806758
          ],
          [
            34.96147,
            32.806697
          ],
          [
            34.960242,
            32.806422
          ],
          [
            34.960241,
            32.806512
          ],
          [
            34.96022,
            32.80658
          ],
          [
            34.960064,
            32.806956
          ],
          [
            34.95995,
            32.807293
          ],
          [
            34.959924,
            32.807369
          ],
          [
            34.959897,
            32.807447
          ],
          [
            34.959835,
            32.807631
          ],
          [
            34.959699,
            32.80803
          ],
          [
            34.959588,
            32.808342
          ],
          [
            34.959536,
            32.808508
          ],
          [
            34.959425,
            32.808861
          ],
          [
            34.959388,
            32.808979
          ],
          [
            34.959274,
            32.809335
          ],
          [
            34.95912,
            32.809803
          ],
          [
            34.959023,
            32.810092
          ],
          [
            34.958932,
            32.810395
          ],
          [
            34.958851,
            32.810639
          ],
          [
            34.958779,
            32.81086
          ],
          [
            34.958658,
            32.81124
          ],
          [
            34.958473,
            32.811797
          ],
          [
            34.958375,
            32.812092
          ],
          [
            34.958298,
            32.812328
          ],
          [
            34.95812,
            32.812914
          ],
          [
            34.958129,
            32.813024
          ],
          [
            34.958136,
            32.81308
          ],
          [
            34.958153,
            32.813121
          ],
          [
            34.958192,
            32.813168
          ],
          [
            34.959131,
            32.813473
          ],
          [
            34.959724,
            32.813658
          ],
          [
            34.960139,
            32.813787
          ],
          [
            34.960351,
            32.813844
          ],
          [
            34.960614,
            32.813914
          ],
          [
            34.960696,
            32.813936
          ],
          [
            34.96066,
            32.814017
          ],
          [
            34.960575,
            32.814299
          ],
          [
            34.960536,
            32.814412
          ],
          [
            34.960472,
            32.814578
          ],
          [
            34.960413,
            32.814791
          ],
          [
            34.960263,
            32.815308
          ],
          [
            34.960235,
            32.815429
          ],
          [
            34.960199,
            32.815613
          ],
          [
            34.960152,
            32.815867
          ],
          [
            34.960131,
            32.816013
          ],
          [
            34.960088,
            32.816223
          ],
          [
            34.960038,
            32.816428
          ],
          [
            34.959983,
            32.81659
          ],
          [
            34.959913,
            32.816736
          ],
          [
            34.959843,
            32.816869
          ],
          [
            34.959785,
            32.816956
          ],
          [
            34.959721,
            32.817063
          ],
          [
            34.959651,
            32.817168
          ],
          [
            34.959572,
            32.817314
          ],
          [
            34.959527,
            32.817428
          ],
          [
            34.959529,
            32.817435
          ],
          [
            34.959531,
            32.817445
          ],
          [
            34.95953,
            32.817461
          ],
          [
            34.959526,
            32.817477
          ],
          [
            34.959518,
            32.817492
          ],
          [
            34.959511,
            32.817501
          ],
          [
            34.959502,
            32.817509
          ],
          [
            34.959487,
            32.817519
          ],
          [
            34.95947,
            32.817528
          ],
          [
            34.959451,
            32.817533
          ],
          [
            34.959353,
            32.817637
          ],
          [
            34.95923,
            32.817801
          ],
          [
            34.959123,
            32.817946
          ],
          [
            34.959058,
            32.818033
          ],
          [
            34.958983,
            32.81814
          ],
          [
            34.958914,
            32.818254
          ],
          [
            34.95883,
            32.818429
          ],
          [
            34.958778,
            32.818587
          ],
          [
            34.958751,
            32.818683
          ],
          [
            34.958692,
            32.818965
          ],
          [
            34.958669,
            32.819213
          ],
          [
            34.958688,
            32.819394
          ],
          [
            34.958752,
            32.819717
          ],
          [
            34.958829,
            32.820012
          ],
          [
            34.958883,
            32.82016
          ],
          [
            34.958903,
            32.820186
          ],
          [
            34.958909,
            32.820199
          ],
          [
            34.958914,
            32.820215
          ],
          [
            34.958914,
            32.820242
          ],
          [
            34.958907,
            32.820263
          ],
          [
            34.958891,
            32.820287
          ],
          [
            34.958864,
            32.820303
          ],
          [
            34.958834,
            32.820314
          ],
          [
            34.958805,
            32.820314
          ],
          [
            34.958784,
            32.820312
          ],
          [
            34.958755,
            32.820305
          ],
          [
            34.958721,
            32.820278
          ],
          [
            34.958652,
            32.820272
          ],
          [
            34.958569,
            32.820281
          ],
          [
            34.958486,
            32.820306
          ],
          [
            34.958392,
            32.820337
          ],
          [
            34.958279,
            32.820384
          ],
          [
            34.958184,
            32.820428
          ],
          [
            34.958005,
            32.82054
          ],
          [
            34.95791,
            32.820612
          ],
          [
            34.957857,
            32.820657
          ],
          [
            34.957759,
            32.820771
          ],
          [
            34.957675,
            32.820864
          ],
          [
            34.957552,
            32.821033
          ],
          [
            34.957237,
            32.821515
          ],
          [
            34.957123,
            32.821676
          ],
          [
            34.957088,
            32.821735
          ],
          [
            34.957056,
            32.82177
          ],
          [
            34.956803,
            32.82201
          ],
          [
            34.956775,
            32.822093
          ],
          [
            34.956766,
            32.822171
          ],
          [
            34.956761,
            32.822262
          ],
          [
            34.956766,
            32.822411
          ],
          [
            34.956858,
            32.82266
          ],
          [
            34.956928,
            32.822836
          ],
          [
            34.957014,
            32.823025
          ],
          [
            34.957087,
            32.823175
          ],
          [
            34.957208,
            32.823403
          ],
          [
            34.957361,
            32.823646
          ],
          [
            34.957555,
            32.82389
          ],
          [
            34.9578,
            32.824208
          ],
          [
            34.958476,
            32.824871
          ],
          [
            34.959834,
            32.825984
          ],
          [
            34.959973,
            32.826102
          ],
          [
            34.960065,
            32.826182
          ],
          [
            34.960184,
            32.82629
          ],
          [
            34.960276,
            32.826355
          ],
          [
            34.960742,
            32.82675
          ],
          [
            34.961085,
            32.827017
          ],
          [
            34.96165,
            32.827508
          ],
          [
            34.96234,
            32.828094
          ],
          [
            34.962942,
            32.82862
          ],
          [
            34.963646,
            32.829149
          ],
          [
            34.963887,
            32.829311
          ],
          [
            34.964277,
            32.829564
          ],
          [
            34.964555,
            32.829713
          ],
          [
            34.964885,
            32.829871
          ],
          [
            34.965205,
            32.829989
          ],
          [
            34.965565,
            32.830108
          ],
          [
            34.96598,
            32.830218
          ],
          [
            34.966304,
            32.830281
          ],
          [
            34.966713,
            32.830349
          ],
          [
            34.967116,
            32.83036
          ],
          [
            34.967756,
            32.830379
          ],
          [
            34.968352,
            32.830356
          ],
          [
            34.968714,
            32.83033
          ],
          [
            34.968965,
            32.830311
          ],
          [
            34.969204,
            32.830297
          ],
          [
            34.969362,
            32.830297
          ],
          [
            34.969469,
            32.830288
          ],
          [
            34.969631,
            32.830256
          ],
          [
            34.969713,
            32.830234
          ],
          [
            34.96982,
            32.830206
          ],
          [
            34.970001,
            32.830128
          ],
          [
            34.970264,
            32.829964
          ],
          [
            34.970762,
            32.82966
          ],
          [
            34.971241,
            32.829308
          ],
          [
            34.971908,
            32.828831
          ],
          [
            34.972195,
            32.828631
          ],
          [
            34.972314,
            32.828564
          ],
          [
            34.972399,
            32.828528
          ],
          [
            34.972452,
            32.828491
          ],
          [
            34.972488,
            32.828447
          ],
          [
            34.972491,
            32.828432
          ],
          [
            34.972497,
            32.828417
          ],
          [
            34.9725,
            32.82841
          ],
          [
            34.97251,
            32.828396
          ],
          [
            34.972521,
            32.828383
          ],
          [
            34.972527,
            32.828377
          ],
          [
            34.972542,
            32.828365
          ],
          [
            34.97255,
            32.82836
          ],
          [
            34.972566,
            32.828351
          ],
          [
            34.972584,
            32.828344
          ],
          [
            34.972594,
            32.828341
          ],
          [
            34.972613,
            32.828337
          ],
          [
            34.97272,
            32.828286
          ],
          [
            34.973049,
            32.828048
          ],
          [
            34.973308,
            32.827889
          ],
          [
            34.973655,
            32.827738
          ],
          [
            34.973957,
            32.827623
          ],
          [
            34.974395,
            32.827447
          ],
          [
            34.974849,
            32.827267
          ],
          [
            34.975073,
            32.827163
          ],
          [
            34.975477,
            32.826982
          ],
          [
            34.97563,
            32.826908
          ],
          [
            34.975811,
            32.826835
          ],
          [
            34.975878,
            32.826786
          ],
          [
            34.97588,
            32.826769
          ],
          [
            34.975884,
            32.826757
          ],
          [
            34.97589,
            32.826747
          ],
          [
            34.975897,
            32.826736
          ],
          [
            34.975906,
            32.826727
          ],
          [
            34.975915,
            32.826718
          ],
          [
            34.975926,
            32.826711
          ],
          [
            34.975938,
            32.826705
          ],
          [
            34.975951,
            32.8267
          ],
          [
            34.975965,
            32.826697
          ],
          [
            34.975979,
            32.826695
          ],
          [
            34.975993,
            32.826694
          ],
          [
            34.976007,
            32.826695
          ],
          [
            34.976021,
            32.826698
          ],
          [
            34.976034,
            32.826701
          ],
          [
            34.976229,
            32.826595
          ],
          [
            34.977129,
            32.826011
          ],
          [
            34.977501,
            32.825748
          ],
          [
            34.977709,
            32.825573
          ],
          [
            34.977738,
            32.825548
          ],
          [
            34.977905,
            32.825394
          ],
          [
            34.97839,
            32.824872
          ],
          [
            34.978645,
            32.824609
          ],
          [
            34.979201,
            32.824056
          ],
          [
            34.979335,
            32.823919
          ],
          [
            34.979573,
            32.823679
          ],
          [
            34.979654,
            32.823597
          ],
          [
            34.98029,
            32.822975
          ],
          [
            34.980377,
            32.82289
          ],
          [
            34.981008,
            32.822191
          ],
          [
            34.981116,
            32.822064
          ],
          [
            34.981167,
            32.821959
          ],
          [
            34.981167,
            32.821952
          ],
          [
            34.981169,
            32.821941
          ],
          [
            34.981172,
            32.82193
          ],
          [
            34.981176,
            32.821919
          ],
          [
            34.981182,
            32.821908
          ],
          [
            34.98119,
            32.821899
          ],
          [
            34.981204,
            32.821886
          ],
          [
            34.981215,
            32.821879
          ],
          [
            34.981226,
            32.821873
          ],
          [
            34.981239,
            32.821868
          ],
          [
            34.981252,
            32.821865
          ],
          [
            34.981272,
            32.821863
          ],
          [
            34.981286,
            32.821863
          ],
          [
            34.981299,
            32.821865
          ],
          [
            34.981547,
            32.821575
          ],
          [
            34.981824,
            32.821303
          ],
          [
            34.982061,
            32.821101
          ],
          [
            34.982218,
            32.820971
          ],
          [
            34.982295,
            32.820907
          ],
          [
            34.9825,
            32.820735
          ],
          [
            34.982737,
            32.820556
          ],
          [
            34.982924,
            32.820454
          ],
          [
            34.983179,
            32.820325
          ],
          [
            34.983198,
            32.820317
          ],
          [
            34.983248,
            32.820295
          ],
          [
            34.983326,
            32.820261
          ],
          [
            34.983587,
            32.820148
          ],
          [
            34.98367,
            32.820118
          ],
          [
            34.984591,
            32.819772
          ],
          [
            34.985271,
            32.819528
          ],
          [
            34.985415,
            32.819485
          ],
          [
            34.985615,
            32.819425
          ],
          [
            34.98586,
            32.819369
          ],
          [
            34.985868,
            32.819359
          ],
          [
            34.985879,
            32.819349
          ],
          [
            34.985892,
            32.81934
          ],
          [
            34.985902,
            32.819336
          ],
          [
            34.985913,
            32.819333
          ],
          [
            34.985929,
            32.81933
          ],
          [
            34.985946,
            32.81933
          ],
          [
            34.985959,
            32.819332
          ],
          [
            34.985973,
            32.819335
          ],
          [
            34.985983,
            32.819339
          ],
          [
            34.985992,
            32.819344
          ],
          [
            34.985998,
            32.819349
          ],
          [
            34.986227,
            32.819293
          ],
          [
            34.986344,
            32.819269
          ],
          [
            34.986463,
            32.819244
          ],
          [
            34.986516,
            32.819233
          ],
          [
            34.986745,
            32.819184
          ],
          [
            34.987137,
            32.819093
          ],
          [
            34.987166,
            32.819086
          ],
          [
            34.987366,
            32.819026
          ],
          [
            34.987555,
            32.818966
          ],
          [
            34.98783,
            32.818894
          ],
          [
            34.988194,
            32.818822
          ],
          [
            34.98837,
            32.818789
          ],
          [
            34.988556,
            32.818781
          ],
          [
            34.988579,
            32.81878
          ],
          [
            34.988646,
            32.818781
          ],
          [
            34.989083,
            32.818781
          ],
          [
            34.989421,
            32.818791
          ],
          [
            34.989453,
            32.818793
          ],
          [
            34.989701,
            32.818799
          ],
          [
            34.989828,
            32.818826
          ],
          [
            34.989992,
            32.818813
          ],
          [
            34.99096,
            32.818826
          ],
          [
            34.991907,
            32.818842
          ],
          [
            34.992076,
            32.818845
          ],
          [
            34.992423,
            32.818856
          ],
          [
            34.992515,
            32.81886
          ],
          [
            34.993406,
            32.818847
          ],
          [
            34.99352,
            32.818835
          ],
          [
            34.993596,
            32.818825
          ],
          [
            34.993668,
            32.81881
          ],
          [
            34.993669,
            32.8188
          ],
          [
            34.993672,
            32.818786
          ],
          [
            34.993678,
            32.818776
          ],
          [
            34.993699,
            32.81876
          ],
          [
            34.993731,
            32.818753
          ],
          [
            34.993751,
            32.818752
          ],
          [
            34.993798,
            32.818759
          ],
          [
            34.993814,
            32.818765
          ],
          [
            34.993826,
            32.818771
          ],
          [
            34.993838,
            32.818779
          ],
          [
            34.993854,
            32.818791
          ],
          [
            34.993873,
            32.818802
          ],
          [
            34.993939,
            32.818853
          ],
          [
            34.993975,
            32.818885
          ],
          [
            34.994001,
            32.81891
          ],
          [
            34.994023,
            32.818932
          ],
          [
            34.994039,
            32.818955
          ],
          [
            34.994051,
            32.818975
          ],
          [
            34.994062,
            32.819003
          ],
          [
            34.994063,
            32.819022
          ],
          [
            34.99406,
            32.819032
          ],
          [
            34.994201,
            32.819228
          ],
          [
            34.99449,
            32.819552
          ],
          [
            34.994576,
            32.819697
          ],
          [
            34.994599,
            32.819695
          ],
          [
            34.994612,
            32.819695
          ],
          [
            34.994638,
            32.819697
          ],
          [
            34.99465,
            32.819699
          ],
          [
            34.994676,
            32.819705
          ],
          [
            34.994688,
            32.819709
          ],
          [
            34.994713,
            32.819719
          ],
          [
            34.994733,
            32.81973
          ],
          [
            34.994743,
            32.819737
          ],
          [
            34.994763,
            32.819754
          ],
          [
            34.995254,
            32.819557
          ],
          [
            34.995677,
            32.819364
          ],
          [
            34.996284,
            32.819089
          ],
          [
            34.996631,
            32.818932
          ],
          [
            34.996945,
            32.81879
          ],
          [
            34.997106,
            32.818708
          ],
          [
            34.997179,
            32.818667
          ],
          [
            34.997294,
            32.81855
          ],
          [
            34.997314,
            32.818529
          ],
          [
            34.997384,
            32.818465
          ],
          [
            34.997484,
            32.818396
          ],
          [
            34.99756,
            32.818352
          ],
          [
            34.997583,
            32.81834
          ],
          [
            34.997674,
            32.818296
          ],
          [
            34.99774,
            32.818277
          ],
          [
            34.997854,
            32.818251
          ],
          [
            34.997982,
            32.818237
          ],
          [
            34.99811,
            32.818209
          ],
          [
            34.99825,
            32.81817
          ],
          [
            34.998426,
            32.818092
          ],
          [
            34.99876,
            32.817889
          ],
          [
            34.999198,
            32.817624
          ],
          [
            34.999256,
            32.817585
          ],
          [
            34.999593,
            32.817354
          ],
          [
            34.999981,
            32.817105
          ],
          [
            35.00006,
            32.817046
          ],
          [
            35.00021,
            32.816901
          ],
          [
            35.000431,
            32.816678
          ],
          [
            35.000468,
            32.816642
          ],
          [
            35.000651,
            32.816451
          ],
          [
            35.000774,
            32.816304
          ],
          [
            35.000782,
            32.816292
          ],
          [
            35.001212,
            32.815799
          ],
          [
            35.001478,
            32.815498
          ],
          [
            35.0016,
            32.815369
          ],
          [
            35.001625,
            32.815339
          ],
          [
            35.001726,
            32.815227
          ],
          [
            35.001834,
            32.815092
          ],
          [
            35.001907,
            32.815008
          ],
          [
            35.002029,
            32.814874
          ],
          [
            35.002319,
            32.814553
          ],
          [
            35.002472,
            32.814397
          ],
          [
            35.002693,
            32.814178
          ],
          [
            35.002925,
            32.813941
          ],
          [
            35.003555,
            32.813238
          ],
          [
            35.00366,
            32.812966
          ],
          [
            35.003699,
            32.812839
          ],
          [
            35.003738,
            32.812704
          ],
          [
            35.003733,
            32.812651
          ],
          [
            35.003723,
            32.812618
          ],
          [
            35.003699,
            32.812582
          ],
          [
            35.003678,
            32.812553
          ],
          [
            35.00365,
            32.81253
          ],
          [
            35.003626,
            32.812522
          ],
          [
            35.003574,
            32.81251
          ],
          [
            35.003502,
            32.812504
          ],
          [
            35.00345,
            32.812512
          ],
          [
            35.0034,
            32.812527
          ],
          [
            35.003384,
            32.812533
          ],
          [
            35.003319,
            32.812555
          ],
          [
            35.003234,
            32.812597
          ],
          [
            35.003108,
            32.812656
          ],
          [
            35.00299,
            32.812713
          ],
          [
            35.002894,
            32.812758
          ],
          [
            35.002793,
            32.812816
          ],
          [
            35.002571,
            32.812953
          ],
          [
            35.002554,
            32.812967
          ],
          [
            35.002431,
            32.813145
          ],
          [
            35.002366,
            32.813274
          ],
          [
            35.002314,
            32.813382
          ],
          [
            35.002235,
            32.813506
          ],
          [
            35.002148,
            32.813598
          ],
          [
            35.002062,
            32.813686
          ],
          [
            35.001975,
            32.813764
          ],
          [
            35.001745,
            32.814003
          ],
          [
            35.001522,
            32.814154
          ],
          [
            35.001447,
            32.814219
          ],
          [
            35.001159,
            32.81441
          ],
          [
            35.000596,
            32.814849
          ],
          [
            35.000536,
            32.814911
          ],
          [
            35.00044,
            32.814999
          ],
          [
            35.000354,
            32.815075
          ],
          [
            35.000284,
            32.815132
          ],
          [
            35.000262,
            32.815144
          ],
          [
            35.000241,
            32.815153
          ],
          [
            35.000185,
            32.815165
          ],
          [
            35.00018,
            32.815186
          ],
          [
            35.000167,
            32.815204
          ],
          [
            35.000154,
            32.815214
          ],
          [
            35.000144,
            32.815218
          ],
          [
            35.000139,
            32.81522
          ],
          [
            35.000119,
            32.815223
          ],
          [
            35.000107,
            32.815222
          ],
          [
            35.000095,
            32.815219
          ],
          [
            35.000077,
            32.81521
          ],
          [
            35.000063,
            32.815197
          ],
          [
            35.000054,
            32.81518
          ],
          [
            35.000052,
            32.81517
          ],
          [
            35.000052,
            32.815155
          ],
          [
            35.000057,
            32.815141
          ],
          [
            35.000065,
            32.815129
          ],
          [
            35.000077,
            32.815118
          ],
          [
            35.000091,
            32.815111
          ],
          [
            35.000101,
            32.815108
          ],
          [
            35.000097,
            32.81504
          ],
          [
            35.0001,
            32.814962
          ],
          [
            35.000109,
            32.814906
          ],
          [
            35.000161,
            32.814698
          ],
          [
            35.00018,
            32.81464
          ],
          [
            35.000204,
            32.814558
          ],
          [
            35.000289,
            32.814312
          ],
          [
            35.000451,
            32.813934
          ],
          [
            35.000618,
            32.813607
          ],
          [
            35.000753,
            32.813372
          ],
          [
            35.001021,
            32.812938
          ],
          [
            35.001079,
            32.812702
          ],
          [
            35.001075,
            32.812667
          ],
          [
            35.001058,
            32.812621
          ],
          [
            35.001036,
            32.81259
          ],
          [
            35.001003,
            32.812555
          ],
          [
            35.000961,
            32.812513
          ],
          [
            35.000885,
            32.812461
          ],
          [
            35.000726,
            32.812411
          ],
          [
            35.000616,
            32.812377
          ],
          [
            35.000508,
            32.812353
          ],
          [
            35.000447,
            32.812343
          ],
          [
            35.000395,
            32.812338
          ],
          [
            35.00035,
            32.81234
          ],
          [
            35.00031,
            32.812346
          ],
          [
            35.000262,
            32.812364
          ],
          [
            35.00021,
            32.812389
          ],
          [
            35.000063,
            32.812478
          ],
          [
            34.999788,
            32.812653
          ],
          [
            34.999761,
            32.812669
          ],
          [
            34.999624,
            32.812745
          ],
          [
            34.999446,
            32.812903
          ],
          [
            34.999146,
            32.81319
          ],
          [
            34.999151,
            32.813197
          ],
          [
            34.999155,
            32.813207
          ],
          [
            34.999157,
            32.813216
          ],
          [
            34.999157,
            32.813222
          ],
          [
            34.999155,
            32.813232
          ],
          [
            34.999151,
            32.813241
          ],
          [
            34.999148,
            32.813247
          ],
          [
            34.999141,
            32.813254
          ],
          [
            34.999132,
            32.813261
          ],
          [
            34.999122,
            32.813266
          ],
          [
            34.999112,
            32.813269
          ],
          [
            34.999097,
            32.813271
          ],
          [
            34.999085,
            32.81327
          ],
          [
            34.999074,
            32.813267
          ],
          [
            34.999066,
            32.813264
          ],
          [
            34.998717,
            32.81362
          ],
          [
            34.998633,
            32.813641
          ],
          [
            34.998586,
            32.813644
          ],
          [
            34.99852,
            32.813629
          ],
          [
            34.998392,
            32.813573
          ],
          [
            34.998257,
            32.813514
          ],
          [
            34.998086,
            32.813435
          ],
          [
            34.997867,
            32.813303
          ],
          [
            34.997659,
            32.813112
          ],
          [
            34.997389,
            32.812838
          ],
          [
            34.997359,
            32.812791
          ],
          [
            34.997448,
            32.812695
          ],
          [
            34.997677,
            32.812457
          ],
          [
            34.99801,
            32.81208
          ],
          [
            34.998538,
            32.81148
          ],
          [
            34.998769,
            32.811252
          ],
          [
            34.99883,
            32.811179
          ],
          [
            34.998921,
            32.811047
          ],
          [
            34.998928,
            32.811036
          ],
          [
            34.998958,
            32.810975
          ],
          [
            34.998984,
            32.810854
          ],
          [
            34.999003,
            32.810674
          ],
          [
            34.999053,
            32.810297
          ],
          [
            34.999094,
            32.810126
          ],
          [
            34.999135,
            32.810031
          ],
          [
            34.999193,
            32.80992
          ],
          [
            34.999196,
            32.809915
          ],
          [
            34.999248,
            32.809843
          ],
          [
            34.999314,
            32.809759
          ],
          [
            34.999435,
            32.809606
          ],
          [
            34.999453,
            32.809588
          ],
          [
            34.999501,
            32.809539
          ],
          [
            34.999571,
            32.809475
          ],
          [
            34.999675,
            32.809414
          ],
          [
            35.000102,
            32.809209
          ],
          [
            35.000287,
            32.809113
          ],
          [
            35.000521,
            32.808984
          ],
          [
            35.000681,
            32.808884
          ],
          [
            35.000762,
            32.808829
          ],
          [
            35.000835,
            32.808766
          ],
          [
            35.00087,
            32.808731
          ],
          [
            35.001347,
            32.808254
          ],
          [
            35.001389,
            32.80821
          ],
          [
            35.001665,
            32.807975
          ],
          [
            35.002055,
            32.807582
          ],
          [
            35.002119,
            32.807518
          ],
          [
            35.002473,
            32.807132
          ],
          [
            35.00254,
            32.807065
          ],
          [
            35.002721,
            32.806887
          ],
          [
            35.002815,
            32.806794
          ],
          [
            35.002904,
            32.806705
          ],
          [
            35.00302,
            32.80656
          ],
          [
            35.003133,
            32.806414
          ],
          [
            35.003166,
            32.806372
          ],
          [
            35.003245,
            32.806263
          ],
          [
            35.003504,
            32.8059
          ],
          [
            35.003558,
            32.805825
          ],
          [
            35.003817,
            32.805483
          ],
          [
            35.00388,
            32.8054
          ],
          [
            35.004121,
            32.805045
          ],
          [
            35.004336,
            32.804807
          ],
          [
            35.004537,
            32.804539
          ],
          [
            35.004623,
            32.804417
          ],
          [
            35.004682,
            32.80435
          ],
          [
            35.004714,
            32.804322
          ],
          [
            35.004751,
            32.804306
          ],
          [
            35.004788,
            32.804297
          ],
          [
            35.004826,
            32.804293
          ],
          [
            35.004866,
            32.804293
          ],
          [
            35.004959,
            32.804339
          ],
          [
            35.005106,
            32.804419
          ],
          [
            35.005138,
            32.804438
          ],
          [
            35.005268,
            32.804543
          ],
          [
            35.005342,
            32.80459
          ],
          [
            35.005409,
            32.804626
          ],
          [
            35.005489,
            32.804662
          ],
          [
            35.005544,
            32.804682
          ],
          [
            35.005599,
            32.804692
          ],
          [
            35.005667,
            32.804701
          ],
          [
            35.005849,
            32.804701
          ],
          [
            35.005898,
            32.804702
          ],
          [
            35.00599,
            32.8047
          ],
          [
            35.006142,
            32.804705
          ],
          [
            35.006591,
            32.804602
          ],
          [
            35.006865,
            32.804511
          ],
          [
            35.006977,
            32.804467
          ],
          [
            35.007123,
            32.804398
          ],
          [
            35.007165,
            32.804379
          ],
          [
            35.0073,
            32.804318
          ],
          [
            35.007601,
            32.804141
          ],
          [
            35.007766,
            32.804023
          ],
          [
            35.00781,
            32.803991
          ],
          [
            35.007909,
            32.803914
          ],
          [
            35.00798,
            32.803855
          ],
          [
            35.008142,
            32.803677
          ],
          [
            35.008193,
            32.803637
          ],
          [
            35.008267,
            32.803555
          ],
          [
            35.008331,
            32.803483
          ],
          [
            35.008597,
            32.803153
          ],
          [
            35.008647,
            32.8031
          ],
          [
            35.008784,
            32.802957
          ],
          [
            35.009055,
            32.802683
          ],
          [
            35.009162,
            32.802553
          ],
          [
            35.009354,
            32.802388
          ],
          [
            35.009677,
            32.802158
          ],
          [
            35.009931,
            32.801984
          ],
          [
            35.010121,
            32.801876
          ],
          [
            35.010437,
            32.801729
          ],
          [
            35.010445,
            32.801694
          ],
          [
            35.010565,
            32.801633
          ],
          [
            35.010748,
            32.801539
          ],
          [
            35.011204,
            32.801302
          ],
          [
            35.012008,
            32.800936
          ],
          [
            35.012754,
            32.800542
          ],
          [
            35.012971,
            32.800401
          ],
          [
            35.013055,
            32.800333
          ],
          [
            35.013148,
            32.800243
          ],
          [
            35.013265,
            32.800144
          ],
          [
            35.013373,
            32.800072
          ],
          [
            35.013514,
            32.79999
          ],
          [
            35.013676,
            32.799882
          ],
          [
            35.013869,
            32.79976
          ],
          [
            35.014017,
            32.799643
          ],
          [
            35.01414,
            32.799561
          ],
          [
            35.014249,
            32.79948
          ],
          [
            35.014536,
            32.799274
          ],
          [
            35.014645,
            32.799185
          ],
          [
            35.014746,
            32.799119
          ],
          [
            35.015163,
            32.798843
          ],
          [
            35.015235,
            32.798801
          ],
          [
            35.015481,
            32.798636
          ],
          [
            35.015783,
            32.798488
          ],
          [
            35.016002,
            32.798373
          ],
          [
            35.016084,
            32.79833
          ],
          [
            35.016231,
            32.798246
          ],
          [
            35.016563,
            32.798068
          ],
          [
            35.016839,
            32.79792
          ],
          [
            35.01692,
            32.797871
          ],
          [
            35.016989,
            32.797836
          ],
          [
            35.017086,
            32.797802
          ],
          [
            35.017211,
            32.797775
          ],
          [
            35.01735,
            32.797753
          ],
          [
            35.017498,
            32.797738
          ],
          [
            35.017796,
            32.797656
          ],
          [
            35.01791,
            32.797617
          ],
          [
            35.018032,
            32.797569
          ],
          [
            35.018134,
            32.797515
          ],
          [
            35.018255,
            32.797431
          ],
          [
            35.0184,
            32.797312
          ],
          [
            35.018487,
            32.797237
          ],
          [
            35.018557,
            32.797172
          ],
          [
            35.018685,
            32.797076
          ],
          [
            35.018748,
            32.797004
          ],
          [
            35.018906,
            32.796841
          ],
          [
            35.019504,
            32.796332
          ],
          [
            35.019644,
            32.796217
          ],
          [
            35.019818,
            32.796074
          ],
          [
            35.01988,
            32.796023
          ],
          [
            35.020283,
            32.795684
          ],
          [
            35.020811,
            32.795238
          ],
          [
            35.021308,
            32.794803
          ],
          [
            35.021354,
            32.794762
          ],
          [
            35.021411,
            32.794711
          ],
          [
            35.021928,
            32.794196
          ],
          [
            35.02254,
            32.793566
          ],
          [
            35.0228,
            32.793297
          ],
          [
            35.023138,
            32.7929
          ],
          [
            35.023217,
            32.792803
          ],
          [
            35.023395,
            32.79258
          ],
          [
            35.023765,
            32.792069
          ],
          [
            35.023972,
            32.791733
          ],
          [
            35.024355,
            32.79106
          ],
          [
            35.024657,
            32.790514
          ],
          [
            35.024766,
            32.790313
          ],
          [
            35.024941,
            32.789973
          ],
          [
            35.024979,
            32.7899
          ],
          [
            35.025094,
            32.789697
          ],
          [
            35.025285,
            32.789347
          ],
          [
            35.025388,
            32.789158
          ],
          [
            35.025452,
            32.789041
          ],
          [
            35.025875,
            32.788302
          ],
          [
            35.026098,
            32.787921
          ],
          [
            35.026191,
            32.787789
          ],
          [
            35.026255,
            32.787692
          ],
          [
            35.026414,
            32.787499
          ],
          [
            35.026643,
            32.787271
          ],
          [
            35.026884,
            32.787048
          ],
          [
            35.02706,
            32.786871
          ],
          [
            35.027177,
            32.786752
          ],
          [
            35.027278,
            32.786632
          ],
          [
            35.027356,
            32.786523
          ],
          [
            35.027448,
            32.786368
          ],
          [
            35.027574,
            32.786116
          ],
          [
            35.027731,
            32.785813
          ],
          [
            35.027871,
            32.785481
          ],
          [
            35.028003,
            32.785179
          ],
          [
            35.028115,
            32.784902
          ],
          [
            35.028255,
            32.784563
          ],
          [
            35.028527,
            32.783819
          ],
          [
            35.028771,
            32.783054
          ],
          [
            35.028933,
            32.782562
          ],
          [
            35.028979,
            32.782294
          ],
          [
            35.028982,
            32.782156
          ],
          [
            35.028971,
            32.781977
          ],
          [
            35.028935,
            32.78184
          ],
          [
            35.02886,
            32.781682
          ],
          [
            35.028763,
            32.781548
          ],
          [
            35.028593,
            32.781401
          ],
          [
            35.028373,
            32.78129
          ],
          [
            35.028249,
            32.781245
          ],
          [
            35.028192,
            32.781354
          ],
          [
            35.028249,
            32.781245
          ],
          [
            35.028008,
            32.781158
          ],
          [
            35.027698,
            32.781056
          ],
          [
            35.027459,
            32.781013
          ],
          [
            35.027305,
            32.780996
          ],
          [
            35.027096,
            32.781002
          ],
          [
            35.026803,
            32.781063
          ],
          [
            35.026162,
            32.78127
          ],
          [
            35.02547,
            32.781476
          ],
          [
            35.025015,
            32.781576
          ],
          [
            35.02451,
            32.781679
          ],
          [
            35.023618,
            32.781876
          ],
          [
            35.023542,
            32.781898
          ],
          [
            35.02343,
            32.781924
          ],
          [
            35.023404,
            32.781821
          ],
          [
            35.023352,
            32.78158
          ],
          [
            35.023344,
            32.781534
          ],
          [
            35.023345,
            32.781371
          ],
          [
            35.023353,
            32.78134
          ],
          [
            35.023378,
            32.781294
          ],
          [
            35.023429,
            32.78122
          ],
          [
            35.023512,
            32.781157
          ],
          [
            35.023613,
            32.781108
          ],
          [
            35.023784,
            32.781048
          ],
          [
            35.024243,
            32.780921
          ],
          [
            35.024477,
            32.780858
          ],
          [
            35.024682,
            32.780792
          ],
          [
            35.024891,
            32.780697
          ],
          [
            35.02513,
            32.780573
          ],
          [
            35.025376,
            32.780405
          ],
          [
            35.025816,
            32.779975
          ],
          [
            35.026201,
            32.779552
          ],
          [
            35.026364,
            32.779393
          ],
          [
            35.026498,
            32.779291
          ],
          [
            35.026598,
            32.779235
          ],
          [
            35.026698,
            32.779189
          ],
          [
            35.026807,
            32.779154
          ],
          [
            35.026928,
            32.779119
          ],
          [
            35.027087,
            32.779102
          ],
          [
            35.027254,
            32.779105
          ],
          [
            35.027392,
            32.779123
          ],
          [
            35.027659,
            32.779177
          ],
          [
            35.02788,
            32.77924
          ],
          [
            35.028034,
            32.779283
          ],
          [
            35.028189,
            32.779294
          ],
          [
            35.028319,
            32.779276
          ],
          [
            35.028431,
            32.779241
          ],
          [
            35.028519,
            32.779209
          ],
          [
            35.028603,
            32.779157
          ],
          [
            35.028728,
            32.779048
          ],
          [
            35.028929,
            32.778822
          ],
          [
            35.029406,
            32.778198
          ],
          [
            35.029825,
            32.777663
          ],
          [
            35.029984,
            32.777444
          ],
          [
            35.030136,
            32.777176
          ],
          [
            35.030167,
            32.777038
          ],
          [
            35.030155,
            32.776902
          ],
          [
            35.03013,
            32.776801
          ],
          [
            35.0301,
            32.776668
          ],
          [
            35.030095,
            32.776355
          ],
          [
            35.030094,
            32.77577
          ],
          [
            35.030086,
            32.77562
          ],
          [
            35.030025,
            32.775394
          ],
          [
            35.029902,
            32.775158
          ],
          [
            35.029719,
            32.774913
          ],
          [
            35.0297,
            32.774864
          ],
          [
            35.029684,
            32.77477
          ],
          [
            35.02968,
            32.774728
          ],
          [
            35.02968,
            32.774674
          ],
          [
            35.029683,
            32.774621
          ],
          [
            35.029691,
            32.774568
          ],
          [
            35.029703,
            32.774517
          ],
          [
            35.029719,
            32.774456
          ],
          [
            35.029733,
            32.774417
          ],
          [
            35.029764,
            32.774359
          ],
          [
            35.029831,
            32.774255
          ],
          [
            35.029872,
            32.77419
          ],
          [
            35.029912,
            32.77414
          ],
          [
            35.030175,
            32.773906
          ],
          [
            35.030266,
            32.773832
          ],
          [
            35.030496,
            32.773679
          ],
          [
            35.031124,
            32.77342
          ],
          [
            35.031931,
            32.773085
          ],
          [
            35.031931,
            32.773074
          ],
          [
            35.031933,
            32.773062
          ],
          [
            35.03194,
            32.773045
          ],
          [
            35.03195,
            32.773029
          ],
          [
            35.031959,
            32.773019
          ],
          [
            35.031969,
            32.77301
          ],
          [
            35.03198,
            32.773003
          ],
          [
            35.031999,
            32.772994
          ],
          [
            35.03202,
            32.772988
          ],
          [
            35.032041,
            32.772986
          ],
          [
            35.032062,
            32.772987
          ],
          [
            35.032076,
            32.772989
          ],
          [
            35.032097,
            32.772995
          ],
          [
            35.032113,
            32.773004
          ],
          [
            35.032835,
            32.77273
          ],
          [
            35.033593,
            32.772451
          ],
          [
            35.03401,
            32.772321
          ],
          [
            35.034567,
            32.772216
          ],
          [
            35.034862,
            32.772181
          ],
          [
            35.035164,
            32.772183
          ],
          [
            35.035456,
            32.77222
          ],
          [
            35.035924,
            32.772344
          ],
          [
            35.036261,
            32.772431
          ],
          [
            35.036778,
            32.772595
          ],
          [
            35.036906,
            32.772655
          ],
          [
            35.037035,
            32.772718
          ],
          [
            35.037283,
            32.772905
          ],
          [
            35.037654,
            32.773097
          ],
          [
            35.037858,
            32.773076
          ],
          [
            35.038058,
            32.773027
          ],
          [
            35.038277,
            32.772975
          ],
          [
            35.03851,
            32.772873
          ],
          [
            35.038655,
            32.772807
          ],
          [
            35.038818,
            32.77271
          ],
          [
            35.038973,
            32.7726
          ],
          [
            35.039123,
            32.772475
          ],
          [
            35.03925,
            32.772338
          ],
          [
            35.039362,
            32.772188
          ],
          [
            35.039443,
            32.772003
          ],
          [
            35.039493,
            32.771803
          ],
          [
            35.039533,
            32.771444
          ],
          [
            35.039517,
            32.771436
          ],
          [
            35.039503,
            32.771425
          ],
          [
            35.039495,
            32.771416
          ],
          [
            35.039488,
            32.771407
          ],
          [
            35.039481,
            32.771392
          ],
          [
            35.039479,
            32.771381
          ],
          [
            35.039477,
            32.771372
          ],
          [
            35.039479,
            32.771355
          ],
          [
            35.039483,
            32.771339
          ],
          [
            35.039492,
            32.771325
          ],
          [
            35.039499,
            32.771316
          ],
          [
            35.039507,
            32.771308
          ],
          [
            35.039522,
            32.771298
          ],
          [
            35.03953,
            32.771293
          ],
          [
            35.039505,
            32.771094
          ],
          [
            35.039469,
            32.770779
          ],
          [
            35.039446,
            32.770563
          ],
          [
            35.03945,
            32.770464
          ],
          [
            35.039481,
            32.770306
          ],
          [
            35.039551,
            32.77015
          ],
          [
            35.039591,
            32.770095
          ],
          [
            35.039679,
            32.769972
          ],
          [
            35.039803,
            32.769842
          ],
          [
            35.039865,
            32.769785
          ],
          [
            35.039875,
            32.769776
          ],
          [
            35.039967,
            32.769716
          ],
          [
            35.040103,
            32.769668
          ],
          [
            35.040345,
            32.769555
          ],
          [
            35.040439,
            32.769511
          ],
          [
            35.040837,
            32.769317
          ],
          [
            35.041497,
            32.768974
          ],
          [
            35.04154,
            32.768909
          ],
          [
            35.041598,
            32.768815
          ],
          [
            35.041647,
            32.768653
          ],
          [
            35.041641,
            32.76863
          ],
          [
            35.04164,
            32.768615
          ],
          [
            35.041643,
            32.768592
          ],
          [
            35.041647,
            32.768577
          ],
          [
            35.041653,
            32.768562
          ],
          [
            35.04166,
            32.768548
          ],
          [
            35.041669,
            32.768535
          ],
          [
            35.04168,
            32.768522
          ],
          [
            35.041692,
            32.768511
          ],
          [
            35.041705,
            32.768502
          ],
          [
            35.041719,
            32.768494
          ],
          [
            35.041734,
            32.768487
          ],
          [
            35.041749,
            32.768483
          ],
          [
            35.041761,
            32.768481
          ],
          [
            35.041814,
            32.768406
          ],
          [
            35.041849,
            32.768349
          ],
          [
            35.041873,
            32.768296
          ],
          [
            35.04189,
            32.768248
          ],
          [
            35.041923,
            32.76807
          ],
          [
            35.041918,
            32.768039
          ],
          [
            35.041844,
            32.767861
          ],
          [
            35.041713,
            32.767689
          ],
          [
            35.041614,
            32.767527
          ],
          [
            35.041571,
            32.767456
          ],
          [
            35.041531,
            32.767346
          ],
          [
            35.041532,
            32.767248
          ],
          [
            35.041547,
            32.767148
          ],
          [
            35.041583,
            32.767057
          ],
          [
            35.04164,
            32.766974
          ],
          [
            35.041713,
            32.766882
          ],
          [
            35.041806,
            32.766808
          ],
          [
            35.041891,
            32.766764
          ],
          [
            35.042033,
            32.766718
          ],
          [
            35.04205,
            32.766713
          ],
          [
            35.042198,
            32.766674
          ],
          [
            35.042361,
            32.766627
          ],
          [
            35.042503,
            32.766568
          ],
          [
            35.042501,
            32.766558
          ],
          [
            35.042503,
            32.766535
          ],
          [
            35.042513,
            32.766513
          ],
          [
            35.042528,
            32.766494
          ],
          [
            35.042543,
            32.766482
          ],
          [
            35.042573,
            32.766468
          ],
          [
            35.042608,
            32.766463
          ],
          [
            35.042687,
            32.766405
          ],
          [
            35.04273,
            32.766369
          ],
          [
            35.042872,
            32.766188
          ],
          [
            35.042937,
            32.765937
          ],
          [
            35.042855,
            32.765709
          ],
          [
            35.042669,
            32.765454
          ],
          [
            35.042663,
            32.76545
          ],
          [
            35.042467,
            32.765297
          ],
          [
            35.042443,
            32.765278
          ],
          [
            35.042165,
            32.765176
          ],
          [
            35.04179,
            32.765068
          ],
          [
            35.041312,
            32.765014
          ],
          [
            35.04098,
            32.765018
          ],
          [
            35.040814,
            32.765028
          ],
          [
            35.040746,
            32.765039
          ],
          [
            35.040743,
            32.765053
          ],
          [
            35.040736,
            32.765071
          ],
          [
            35.040728,
            32.765082
          ],
          [
            35.040714,
            32.765097
          ],
          [
            35.040698,
            32.76511
          ],
          [
            35.040685,
            32.765117
          ],
          [
            35.040664,
            32.765125
          ],
          [
            35.040649,
            32.765128
          ],
          [
            35.040634,
            32.76513
          ],
          [
            35.040612,
            32.76513
          ],
          [
            35.040597,
            32.765127
          ],
          [
            35.040575,
            32.765121
          ],
          [
            35.040555,
            32.765112
          ],
          [
            35.040543,
            32.765104
          ],
          [
            35.040533,
            32.765095
          ],
          [
            35.040521,
            32.765081
          ],
          [
            35.040383,
            32.765109
          ],
          [
            35.040174,
            32.765172
          ],
          [
            35.039741,
            32.76531
          ],
          [
            35.03948,
            32.765402
          ],
          [
            35.039161,
            32.765527
          ],
          [
            35.039165,
            32.765533
          ],
          [
            35.03917,
            32.765551
          ],
          [
            35.039169,
            32.765576
          ],
          [
            35.039162,
            32.7656
          ],
          [
            35.039149,
            32.765619
          ],
          [
            35.039133,
            32.765635
          ],
          [
            35.039127,
            32.765639
          ],
          [
            35.039101,
            32.765653
          ],
          [
            35.039074,
            32.765659
          ],
          [
            35.039055,
            32.765662
          ],
          [
            35.03902,
            32.76566
          ],
          [
            35.038985,
            32.765648
          ],
          [
            35.038976,
            32.765643
          ],
          [
            35.037441,
            32.76634
          ],
          [
            35.03744,
            32.766368
          ],
          [
            35.037427,
            32.766401
          ],
          [
            35.037397,
            32.766433
          ],
          [
            35.037391,
            32.766438
          ],
          [
            35.037379,
            32.766442
          ],
          [
            35.037341,
            32.766457
          ],
          [
            35.03731,
            32.76646
          ],
          [
            35.037279,
            32.766455
          ],
          [
            35.037261,
            32.766448
          ],
          [
            35.036702,
            32.766735
          ],
          [
            35.036689,
            32.766771
          ],
          [
            35.036671,
            32.766793
          ],
          [
            35.036643,
            32.766812
          ],
          [
            35.036609,
            32.766823
          ],
          [
            35.036584,
            32.766827
          ],
          [
            35.036553,
            32.766824
          ],
          [
            35.036539,
            32.76682
          ],
          [
            35.036518,
            32.76681
          ],
          [
            35.036495,
            32.766795
          ],
          [
            35.036487,
            32.766786
          ],
          [
            35.036161,
            32.766856
          ],
          [
            35.035724,
            32.76688
          ],
          [
            35.03541,
            32.766907
          ],
          [
            35.035094,
            32.76693
          ],
          [
            35.034846,
            32.766973
          ],
          [
            35.034599,
            32.767047
          ],
          [
            35.034347,
            32.767156
          ],
          [
            35.034124,
            32.767286
          ],
          [
            35.03402,
            32.767341
          ],
          [
            35.032876,
            32.768109
          ],
          [
            35.03275,
            32.768191
          ],
          [
            35.031904,
            32.768735
          ],
          [
            35.031691,
            32.768838
          ],
          [
            35.031557,
            32.768876
          ],
          [
            35.031307,
            32.768923
          ],
          [
            35.031181,
            32.768938
          ],
          [
            35.03099,
            32.768959
          ],
          [
            35.030793,
            32.768959
          ],
          [
            35.030689,
            32.768954
          ],
          [
            35.030356,
            32.768875
          ],
          [
            35.029733,
            32.768681
          ],
          [
            35.02933,
            32.768591
          ],
          [
            35.028799,
            32.768499
          ],
          [
            35.028381,
            32.768458
          ],
          [
            35.027977,
            32.76841
          ],
          [
            35.027976,
            32.768427
          ],
          [
            35.027958,
            32.76846
          ],
          [
            35.027941,
            32.768474
          ],
          [
            35.027916,
            32.768487
          ],
          [
            35.027893,
            32.76849
          ],
          [
            35.027936,
            32.768677
          ],
          [
            35.027998,
            32.768767
          ],
          [
            35.028116,
            32.768849
          ],
          [
            35.028438,
            32.768917
          ],
          [
            35.028551,
            32.76894
          ],
          [
            35.028709,
            32.768988
          ],
          [
            35.02884,
            32.769086
          ],
          [
            35.028932,
            32.769192
          ],
          [
            35.02897,
            32.769317
          ],
          [
            35.028956,
            32.769525
          ],
          [
            35.028904,
            32.769623
          ],
          [
            35.028833,
            32.76971
          ],
          [
            35.028736,
            32.769781
          ],
          [
            35.028628,
            32.769832
          ],
          [
            35.028481,
            32.769861
          ],
          [
            35.028323,
            32.76986
          ],
          [
            35.028097,
            32.769817
          ],
          [
            35.027838,
            32.769785
          ],
          [
            35.027733,
            32.769797
          ],
          [
            35.027504,
            32.769813
          ],
          [
            35.027305,
            32.769874
          ],
          [
            35.027206,
            32.769914
          ],
          [
            35.027138,
            32.769957
          ],
          [
            35.027099,
            32.770048
          ],
          [
            35.027108,
            32.770114
          ],
          [
            35.027111,
            32.770135
          ],
          [
            35.027137,
            32.770193
          ],
          [
            35.027189,
            32.770241
          ],
          [
            35.027289,
            32.770268
          ],
          [
            35.02748,
            32.770257
          ],
          [
            35.027612,
            32.770269
          ],
          [
            35.027713,
            32.770295
          ],
          [
            35.027868,
            32.770377
          ],
          [
            35.027957,
            32.77045
          ],
          [
            35.028258,
            32.770721
          ],
          [
            35.02842,
            32.770822
          ],
          [
            35.028542,
            32.770892
          ],
          [
            35.028546,
            32.770885
          ],
          [
            35.028553,
            32.770875
          ],
          [
            35.028566,
            32.770861
          ],
          [
            35.028577,
            32.770854
          ],
          [
            35.028588,
            32.770847
          ],
          [
            35.028607,
            32.77084
          ],
          [
            35.02862,
            32.770836
          ],
          [
            35.028634,
            32.770834
          ],
          [
            35.028655,
            32.770834
          ],
          [
            35.028676,
            32.770837
          ],
          [
            35.028696,
            32.770843
          ],
          [
            35.028708,
            32.770849
          ],
          [
            35.028719,
            32.770856
          ],
          [
            35.028734,
            32.770868
          ],
          [
            35.028745,
            32.770882
          ],
          [
            35.028753,
            32.770898
          ],
          [
            35.028758,
            32.770915
          ],
          [
            35.028758,
            32.770933
          ],
          [
            35.028755,
            32.77095
          ],
          [
            35.028748,
            32.770965
          ],
          [
            35.029092,
            32.771077
          ],
          [
            35.029154,
            32.771097
          ],
          [
            35.029421,
            32.771141
          ],
          [
            35.029697,
            32.771145
          ],
          [
            35.029908,
            32.771136
          ],
          [
            35.030069,
            32.771105
          ],
          [
            35.030245,
            32.771057
          ],
          [
            35.030763,
            32.770845
          ],
          [
            35.030949,
            32.770768
          ],
          [
            35.031179,
            32.770654
          ],
          [
            35.031385,
            32.770572
          ],
          [
            35.031586,
            32.770491
          ],
          [
            35.032248,
            32.770266
          ],
          [
            35.032512,
            32.770186
          ],
          [
            35.032765,
            32.770105
          ],
          [
            35.033268,
            32.769942
          ],
          [
            35.033408,
            32.769901
          ],
          [
            35.033732,
            32.769805
          ],
          [
            35.034,
            32.769706
          ],
          [
            35.03413,
            32.769631
          ],
          [
            35.034225,
            32.769568
          ],
          [
            35.034632,
            32.769318
          ],
          [
            35.034794,
            32.769252
          ],
          [
            35.034828,
            32.769238
          ],
          [
            35.034976,
            32.769199
          ],
          [
            35.035239,
            32.769161
          ],
          [
            35.03548,
            32.769139
          ],
          [
            35.03584,
            32.769074
          ],
          [
            35.035931,
            32.769035
          ],
          [
            35.036056,
            32.768961
          ],
          [
            35.036181,
            32.768867
          ],
          [
            35.03633,
            32.768743
          ],
          [
            35.036587,
            32.768543
          ],
          [
            35.036704,
            32.76845
          ],
          [
            35.03676,
            32.768429
          ],
          [
            35.036861,
            32.768408
          ],
          [
            35.036927,
            32.768409
          ],
          [
            35.036932,
            32.768393
          ],
          [
            35.036938,
            32.768382
          ],
          [
            35.036945,
            32.768373
          ],
          [
            35.036958,
            32.768359
          ],
          [
            35.036968,
            32.768352
          ],
          [
            35.036985,
            32.768342
          ],
          [
            35.036997,
            32.768338
          ],
          [
            35.03701,
            32.768334
          ],
          [
            35.037024,
            32.768332
          ],
          [
            35.037044,
            32.768332
          ],
          [
            35.037057,
            32.768334
          ],
          [
            35.03707,
            32.768337
          ],
          [
            35.037083,
            32.768341
          ],
          [
            35.037095,
            32.768347
          ],
          [
            35.037106,
            32.768354
          ],
          [
            35.03712,
            32.768365
          ],
          [
            35.037181,
            32.768277
          ],
          [
            35.037327,
            32.76811
          ],
          [
            35.037369,
            32.768072
          ],
          [
            35.037409,
            32.768035
          ],
          [
            35.037441,
            32.768005
          ],
          [
            35.037605,
            32.76789
          ],
          [
            35.037853,
            32.767756
          ],
          [
            35.038019,
            32.767703
          ],
          [
            35.038315,
            32.767632
          ],
          [
            35.038419,
            32.767611
          ],
          [
            35.038493,
            32.767595
          ],
          [
            35.03875,
            32.767549
          ],
          [
            35.038843,
            32.767527
          ],
          [
            35.038911,
            32.767505
          ],
          [
            35.039054,
            32.76746
          ],
          [
            35.039205,
            32.767382
          ],
          [
            35.039344,
            32.76725
          ],
          [
            35.039465,
            32.767067
          ],
          [
            35.039513,
            32.766933
          ],
          [
            35.039525,
            32.766806
          ],
          [
            35.039508,
            32.766715
          ],
          [
            35.039456,
            32.766577
          ],
          [
            35.03943022069558,
            32.766508481322454
          ]
        ]
      }
    },
    {
      "type": "Feature",
      "properties": {
        "type": "original_route_stop",
        "stop_code": "42659",
        "stop_name": "ת. מרכזית חוף הכרמל/רציפים עירוני",
        "marker-color": "#2ca02c",
        "marker-symbol": "bus",
        "marker-size": "medium"
      },
      "geometry": {
        "type": "Point",
        "coordinates": [
          34.959025,
          32.793809
        ]
      }
    },
    {
      "type": "Feature",
      "properties": {
        "type": "original_route_stop",
        "stop_code": "42502",
        "stop_name": "סחרוב",
        "marker-color": "#2ca02c",
        "marker-symbol": "bus",
        "marker-size": "medium"
      },
      "geometry": {
        "type": "Point",
        "coordinates": [
          34.959315,
          32.790059
        ]
      }
    },
    {
      "type": "Feature",
      "properties": {
        "type": "original_route_stop",
        "stop_code": "41935",
        "stop_name": "קניון חיפה/פלימן",
        "marker-color": "#2ca02c",
        "marker-symbol": "bus",
        "marker-size": "medium"
      },
      "geometry": {
        "type": "Point",
        "coordinates": [
          34.962988,
          32.790214
        ]
      }
    },
    {
      "type": "Feature",
      "properties": {
        "type": "original_route_stop",
        "stop_code": "42504",
        "stop_name": "מרכז הקונגרסים/קדושי יסי",
        "marker-color": "#2ca02c",
        "marker-symbol": "bus",
        "marker-size": "medium"
      },
      "geometry": {
        "type": "Point",
        "coordinates": [
          34.964608,
          32.790998
        ]
      }
    },
    {
      "type": "Feature",
      "properties": {
        "type": "original_route_stop",
        "stop_code": "41996",
        "stop_name": "ספורטן/צביה ויצחק",
        "marker-color": "#2ca02c",
        "marker-symbol": "bus",
        "marker-size": "medium"
      },
      "geometry": {
        "type": "Point",
        "coordinates": [
          34.965555,
          32.794318
        ]
      }
    },
    {
      "type": "Feature",
      "properties": {
        "type": "original_route_stop",
        "stop_code": "41840",
        "stop_name": "אכסנית נוער/מגורשי ספרד",
        "marker-color": "#2ca02c",
        "marker-symbol": "bus",
        "marker-size": "medium"
      },
      "geometry": {
        "type": "Point",
        "coordinates": [
          34.967165,
          32.794719
        ]
      }
    },
    {
      "type": "Feature",
      "properties": {
        "type": "original_route_stop",
        "stop_code": "41862",
        "stop_name": "בית עלמין/שער תמר",
        "marker-color": "#2ca02c",
        "marker-symbol": "bus",
        "marker-size": "medium"
      },
      "geometry": {
        "type": "Point",
        "coordinates": [
          34.967185,
          32.798878
        ]
      }
    },
    {
      "type": "Feature",
      "properties": {
        "type": "original_route_stop",
        "stop_code": "47348",
        "stop_name": "בית עלמין/שער הדס",
        "marker-color": "#2ca02c",
        "marker-symbol": "bus",
        "marker-size": "medium"
      },
      "geometry": {
        "type": "Point",
        "coordinates": [
          34.967428,
          32.800711
        ]
      }
    },
    {
      "type": "Feature",
      "properties": {
        "type": "original_route_stop",
        "stop_code": "41850",
        "stop_name": "בית עלמין/שער ברוש",
        "marker-color": "#2ca02c",
        "marker-symbol": "bus",
        "marker-size": "medium"
      },
      "geometry": {
        "type": "Point",
        "coordinates": [
          34.966958,
          32.802557
        ]
      }
    },
    {
      "type": "Feature",
      "properties": {
        "type": "original_route_stop",
        "stop_code": "42153",
        "stop_name": "בית עלמין/שער אורן",
        "marker-color": "#2ca02c",
        "marker-symbol": "bus",
        "marker-size": "medium"
      },
      "geometry": {
        "type": "Point",
        "coordinates": [
          34.964698,
          32.80536
        ]
      }
    },
    {
      "type": "Feature",
      "properties": {
        "type": "original_route_stop",
        "stop_code": "41869",
        "stop_name": "אנקואה/בר רב האי",
        "marker-color": "#2ca02c",
        "marker-symbol": "bus",
        "marker-size": "medium"
      },
      "geometry": {
        "type": "Point",
        "coordinates": [
          34.959336,
          32.817744
        ]
      }
    },
    {
      "type": "Feature",
      "properties": {
        "type": "original_route_stop",
        "stop_code": "41864",
        "stop_name": "יציאת אירופה/דרך צרפת",
        "marker-color": "#2ca02c",
        "marker-symbol": "bus",
        "marker-size": "medium"
      },
      "geometry": {
        "type": "Point",
        "coordinates": [
          34.9588,
          32.819687
        ]
      }
    },
    {
      "type": "Feature",
      "properties": {
        "type": "original_route_stop",
        "stop_code": "41757",
        "stop_name": "עין הים",
        "marker-color": "#2ca02c",
        "marker-symbol": "bus",
        "marker-size": "medium"
      },
      "geometry": {
        "type": "Point",
        "coordinates": [
          34.959919,
          32.825992
        ]
      }
    },
    {
      "type": "Feature",
      "properties": {
        "type": "original_route_stop",
        "stop_code": "41099",
        "stop_name": "התורן",
        "marker-color": "#2ca02c",
        "marker-symbol": "bus",
        "marker-size": "medium"
      },
      "geometry": {
        "type": "Point",
        "coordinates": [
          34.963455,
          32.828944
        ]
      }
    },
    {
      "type": "Feature",
      "properties": {
        "type": "original_route_stop",
        "stop_code": "42605",
        "stop_name": "מערת אליהו/אלנבי",
        "marker-color": "#2ca02c",
        "marker-symbol": "bus",
        "marker-size": "medium"
      },
      "geometry": {
        "type": "Point",
        "coordinates": [
          34.970462,
          32.829787
        ]
      }
    },
    {
      "type": "Feature",
      "properties": {
        "type": "original_route_stop",
        "stop_code": "41114",
        "stop_name": "המוזיאון הימי/אלנבי",
        "marker-color": "#2ca02c",
        "marker-symbol": "bus",
        "marker-size": "medium"
      },
      "geometry": {
        "type": "Point",
        "coordinates": [
          34.973376,
          32.827809
        ]
      }
    },
    {
      "type": "Feature",
      "properties": {
        "type": "original_route_stop",
        "stop_code": "41115",
        "stop_name": "אלנבי א",
        "marker-color": "#2ca02c",
        "marker-symbol": "bus",
        "marker-size": "medium"
      },
      "geometry": {
        "type": "Point",
        "coordinates": [
          34.97514,
          32.827082
        ]
      }
    },
    {
      "type": "Feature",
      "properties": {
        "type": "original_route_stop",
        "stop_code": "41116",
        "stop_name": "אלנבי ב",
        "marker-color": "#2ca02c",
        "marker-symbol": "bus",
        "marker-size": "medium"
      },
      "geometry": {
        "type": "Point",
        "coordinates": [
          34.977987,
          32.825232
        ]
      }
    },
    {
      "type": "Feature",
      "properties": {
        "type": "original_route_stop",
        "stop_code": "41117",
        "stop_name": "אלנבי ג",
        "marker-color": "#2ca02c",
        "marker-symbol": "bus",
        "marker-size": "medium"
      },
      "geometry": {
        "type": "Point",
        "coordinates": [
          34.980153,
          32.823041
        ]
      }
    },
    {
      "type": "Feature",
      "properties": {
        "type": "original_route_stop",
        "stop_code": "41118",
        "stop_name": "אלנבי/קדושי דמשק",
        "marker-color": "#2ca02c",
        "marker-symbol": "bus",
        "marker-size": "medium"
      },
      "geometry": {
        "type": "Point",
        "coordinates": [
          34.981753,
          32.821305
        ]
      }
    },
    {
      "type": "Feature",
      "properties": {
        "type": "original_route_stop",
        "stop_code": "41563",
        "stop_name": "אלנבי/הברון הירש",
        "marker-color": "#2ca02c",
        "marker-symbol": "bus",
        "marker-size": "medium"
      },
      "geometry": {
        "type": "Point",
        "coordinates": [
          34.984388,
          32.819799
        ]
      }
    },
    {
      "type": "Feature",
      "properties": {
        "type": "original_route_stop",
        "stop_code": "41564",
        "stop_name": "אלנבי/בן גוריון",
        "marker-color": "#2ca02c",
        "marker-symbol": "bus",
        "marker-size": "medium"
      },
      "geometry": {
        "type": "Point",
        "coordinates": [
          34.987826,
          32.818848
        ]
      }
    },
    {
      "type": "Feature",
      "properties": {
        "type": "original_route_stop",
        "stop_code": "41916",
        "stop_name": "אלנבי/מאיר",
        "marker-color": "#2ca02c",
        "marker-symbol": "bus",
        "marker-size": "medium"
      },
      "geometry": {
        "type": "Point",
        "coordinates": [
          34.991136,
          32.818784
        ]
      }
    },
    {
      "type": "Feature",
      "properties": {
        "type": "original_route_stop",
        "stop_code": "41169",
        "stop_name": "המגינים/הבנקים",
        "marker-color": "#2ca02c",
        "marker-symbol": "bus",
        "marker-size": "medium"
      },
      "geometry": {
        "type": "Point",
        "coordinates": [
          34.995871,
          32.819225
        ]
      }
    },
    {
      "type": "Feature",
      "properties": {
        "type": "original_route_stop",
        "stop_code": "42723",
        "stop_name": "המגינים/ככר ההגנה",
        "marker-color": "#2ca02c",
        "marker-symbol": "bus",
        "marker-size": "medium"
      },
      "geometry": {
        "type": "Point",
        "coordinates": [
          34.997616,
          32.818272
        ]
      }
    },
    {
      "type": "Feature",
      "properties": {
        "type": "original_route_stop",
        "stop_code": "41289",
        "stop_name": "קרית הממשלה/פל ים",
        "marker-color": "#2ca02c",
        "marker-symbol": "bus",
        "marker-size": "medium"
      },
      "geometry": {
        "type": "Point",
        "coordinates": [
          35.000997,
          32.815969
        ]
      }
    },
    {
      "type": "Feature",
      "properties": {
        "type": "original_route_stop",
        "stop_code": "43108",
        "stop_name": "פלים/קיבוץ גלויות",
        "marker-color": "#2ca02c",
        "marker-symbol": "bus",
        "marker-size": "medium"
      },
      "geometry": {
        "type": "Point",
        "coordinates": [
          35.00326,
          32.813492
        ]
      }
    },
    {
      "type": "Feature",
      "properties": {
        "type": "original_route_stop",
        "stop_code": "42747",
        "stop_name": "שיבת ציון/מעלה השחרור",
        "marker-color": "#2ca02c",
        "marker-symbol": "bus",
        "marker-size": "medium"
      },
      "geometry": {
        "type": "Point",
        "coordinates": [
          35.001833,
          32.813982
        ]
      }
    },
    {
      "type": "Feature",
      "properties": {
        "type": "original_route_stop",
        "stop_code": "41288",
        "stop_name": "דאר/מעלה השחרור",
        "marker-color": "#2ca02c",
        "marker-symbol": "bus",
        "marker-size": "medium"
      },
      "geometry": {
        "type": "Point",
        "coordinates": [
          35.000469,
          32.813784
        ]
      }
    },
    {
      "type": "Feature",
      "properties": {
        "type": "original_route_stop",
        "stop_code": "41283",
        "stop_name": "שמריהו לוין/אבן סינא",
        "marker-color": "#2ca02c",
        "marker-symbol": "bus",
        "marker-size": "medium"
      },
      "geometry": {
        "type": "Point",
        "coordinates": [
          34.998063,
          32.813476
        ]
      }
    },
    {
      "type": "Feature",
      "properties": {
        "type": "original_route_stop",
        "stop_code": "42866",
        "stop_name": "העירייה",
        "marker-color": "#2ca02c",
        "marker-symbol": "bus",
        "marker-size": "medium"
      },
      "geometry": {
        "type": "Point",
        "coordinates": [
          34.997602,
          32.812464
        ]
      }
    },
    {
      "type": "Feature",
      "properties": {
        "type": "original_route_stop",
        "stop_code": "47223",
        "stop_name": "לב הדר",
        "marker-color": "#2ca02c",
        "marker-symbol": "bus",
        "marker-size": "medium"
      },
      "geometry": {
        "type": "Point",
        "coordinates": [
          34.999276,
          32.809726
        ]
      }
    },
    {
      "type": "Feature",
      "properties": {
        "type": "original_route_stop",
        "stop_code": "47210",
        "stop_name": "שוק תלפיות",
        "marker-color": "#2ca02c",
        "marker-symbol": "bus",
        "marker-size": "medium"
      },
      "geometry": {
        "type": "Point",
        "coordinates": [
          35.00178,
          32.807788
        ]
      }
    },
    {
      "type": "Feature",
      "properties": {
        "type": "original_route_stop",
        "stop_code": "47528",
        "stop_name": "יל''ג",
        "marker-color": "#2ca02c",
        "marker-symbol": "bus",
        "marker-size": "medium"
      },
      "geometry": {
        "type": "Point",
        "coordinates": [
          35.004316,
          32.80475
        ]
      }
    },
    {
      "type": "Feature",
      "properties": {
        "type": "original_route_stop",
        "stop_code": "47221",
        "stop_name": "חליסה",
        "marker-color": "#2ca02c",
        "marker-symbol": "bus",
        "marker-size": "medium"
      },
      "geometry": {
        "type": "Point",
        "coordinates": [
          35.008924,
          32.802745
        ]
      }
    },
    {
      "type": "Feature",
      "properties": {
        "type": "original_route_stop",
        "stop_code": "41277",
        "stop_name": "הגיבורים/ככר הגבורה",
        "marker-color": "#2ca02c",
        "marker-symbol": "bus",
        "marker-size": "medium"
      },
      "geometry": {
        "type": "Point",
        "coordinates": [
          35.010999,
          32.801356
        ]
      }
    },
    {
      "type": "Feature",
      "properties": {
        "type": "original_route_stop",
        "stop_code": "42456",
        "stop_name": "החשמל/הגיבורים",
        "marker-color": "#2ca02c",
        "marker-symbol": "bus",
        "marker-size": "medium"
      },
      "geometry": {
        "type": "Point",
        "coordinates": [
          35.014569,
          32.799185
        ]
      }
    },
    {
      "type": "Feature",
      "properties": {
        "type": "original_route_stop",
        "stop_code": "43119",
        "stop_name": "החשמל/דב גרונר",
        "marker-color": "#2ca02c",
        "marker-symbol": "bus",
        "marker-size": "medium"
      },
      "geometry": {
        "type": "Point",
        "coordinates": [
          35.015701,
          32.798476
        ]
      }
    },
    {
      "type": "Feature",
      "properties": {
        "type": "original_route_stop",
        "stop_code": "41274",
        "stop_name": "החשמל/חטיבת כרמלי",
        "marker-color": "#2ca02c",
        "marker-symbol": "bus",
        "marker-size": "medium"
      },
      "geometry": {
        "type": "Point",
        "coordinates": [
          35.017773,
          32.797615
        ]
      }
    },
    {
      "type": "Feature",
      "properties": {
        "type": "original_route_stop",
        "stop_code": "41842",
        "stop_name": "החשמל",
        "marker-color": "#2ca02c",
        "marker-symbol": "bus",
        "marker-size": "medium"
      },
      "geometry": {
        "type": "Point",
        "coordinates": [
          35.019007,
          32.796691
        ]
      }
    },
    {
      "type": "Feature",
      "properties": {
        "type": "original_route_stop",
        "stop_code": "42507",
        "stop_name": "יעקב דורי/גשר גדוד 21",
        "marker-color": "#2ca02c",
        "marker-symbol": "bus",
        "marker-size": "medium"
      },
      "geometry": {
        "type": "Point",
        "coordinates": [
          35.02211,
          32.793937
        ]
      }
    },
    {
      "type": "Feature",
      "properties": {
        "type": "original_route_stop",
        "stop_code": "47104",
        "stop_name": "יעקב דורי/משאש",
        "marker-color": "#2ca02c",
        "marker-symbol": "bus",
        "marker-size": "medium"
      },
      "geometry": {
        "type": "Point",
        "coordinates": [
          35.024652,
          32.790413
        ]
      }
    },
    {
      "type": "Feature",
      "properties": {
        "type": "original_route_stop",
        "stop_code": "47403",
        "stop_name": "חניון נווה שאנן",
        "marker-color": "#2ca02c",
        "marker-symbol": "bus",
        "marker-size": "medium"
      },
      "geometry": {
        "type": "Point",
        "coordinates": [
          35.028083,
          32.781452
        ]
      }
    },
    {
      "type": "Feature",
      "properties": {
        "type": "original_route_stop",
        "stop_code": "43622",
        "stop_name": "לוחמי חרות ישראל/צה''ל",
        "marker-color": "#2ca02c",
        "marker-symbol": "bus",
        "marker-size": "medium"
      },
      "geometry": {
        "type": "Point",
        "coordinates": [
          35.029972,
          32.777361
        ]
      }
    },
    {
      "type": "Feature",
      "properties": {
        "type": "original_route_stop",
        "stop_code": "41903",
        "stop_name": "צה''ל/חבצלת",
        "marker-color": "#2ca02c",
        "marker-symbol": "bus",
        "marker-size": "medium"
      },
      "geometry": {
        "type": "Point",
        "coordinates": [
          35.032387,
          32.772851
        ]
      }
    },
    {
      "type": "Feature",
      "properties": {
        "type": "original_route_stop",
        "stop_code": "41832",
        "stop_name": "צהל/ציון",
        "marker-color": "#2ca02c",
        "marker-symbol": "bus",
        "marker-size": "medium"
      },
      "geometry": {
        "type": "Point",
        "coordinates": [
          35.035921,
          32.772296
        ]
      }
    },
    {
      "type": "Feature",
      "properties": {
        "type": "original_route_stop",
        "stop_code": "42027",
        "stop_name": "הזית/צה''ל",
        "marker-color": "#2ca02c",
        "marker-symbol": "bus",
        "marker-size": "medium"
      },
      "geometry": {
        "type": "Point",
        "coordinates": [
          35.038359,
          32.772888
        ]
      }
    },
    {
      "type": "Feature",
      "properties": {
        "type": "original_route_stop",
        "stop_code": "42316",
        "stop_name": "הזית/היסמין",
        "marker-color": "#2ca02c",
        "marker-symbol": "bus",
        "marker-size": "medium"
      },
      "geometry": {
        "type": "Point",
        "coordinates": [
          35.039429,
          32.771841
        ]
      }
    },
    {
      "type": "Feature",
      "properties": {
        "type": "original_route_stop",
        "stop_code": "42349",
        "stop_name": "הזית/הנוריות",
        "marker-color": "#2ca02c",
        "marker-symbol": "bus",
        "marker-size": "medium"
      },
      "geometry": {
        "type": "Point",
        "coordinates": [
          35.041118,
          32.769119
        ]
      }
    },
    {
      "type": "Feature",
      "properties": {
        "type": "original_route_stop",
        "stop_code": "42253",
        "stop_name": "החרוב/הלילך",
        "marker-color": "#2ca02c",
        "marker-symbol": "bus",
        "marker-size": "medium"
      },
      "geometry": {
        "type": "Point",
        "coordinates": [
          35.042247,
          32.765255
        ]
      }
    },
    {
      "type": "Feature",
      "properties": {
        "type": "original_route_stop",
        "stop_code": "47241",
        "stop_name": "החרוב/השיטה",
        "marker-color": "#2ca02c",
        "marker-symbol": "bus",
        "marker-size": "medium"
      },
      "geometry": {
        "type": "Point",
        "coordinates": [
          35.039756,
          32.765354
        ]
      }
    },
    {
      "type": "Feature",
      "properties": {
        "type": "original_route_stop",
        "stop_code": "42304",
        "stop_name": "החרוב/האלון",
        "marker-color": "#2ca02c",
        "marker-symbol": "bus",
        "marker-size": "medium"
      },
      "geometry": {
        "type": "Point",
        "coordinates": [
          35.038583,
          32.765873
        ]
      }
    },
    {
      "type": "Feature",
      "properties": {
        "type": "original_route_stop",
        "stop_code": "43399",
        "stop_name": "פארק קק''ל/החרוב",
        "marker-color": "#2ca02c",
        "marker-symbol": "bus",
        "marker-size": "medium"
      },
      "geometry": {
        "type": "Point",
        "coordinates": [
          35.033164,
          32.767973
        ]
      }
    },
    {
      "type": "Feature",
      "properties": {
        "type": "original_route_stop",
        "stop_code": "42305",
        "stop_name": "החרוב/התפוז",
        "marker-color": "#2ca02c",
        "marker-symbol": "bus",
        "marker-size": "medium"
      },
      "geometry": {
        "type": "Point",
        "coordinates": [
          35.031801,
          32.768837
        ]
      }
    },
    {
      "type": "Feature",
      "properties": {
        "type": "original_route_stop",
        "stop_code": "42306",
        "stop_name": "האשל/הערבה",
        "marker-color": "#2ca02c",
        "marker-symbol": "bus",
        "marker-size": "medium"
      },
      "geometry": {
        "type": "Point",
        "coordinates": [
          35.028185,
          32.76988
        ]
      }
    },
    {
      "type": "Feature",
      "properties": {
        "type": "original_route_stop",
        "stop_code": "47242",
        "stop_name": "התמר/הסחלב",
        "marker-color": "#2ca02c",
        "marker-symbol": "bus",
        "marker-size": "medium"
      },
      "geometry": {
        "type": "Point",
        "coordinates": [
          35.031224,
          32.770586
        ]
      }
    },
    {
      "type": "Feature",
      "properties": {
        "type": "original_route_stop",
        "stop_code": "42307",
        "stop_name": "התמר",
        "marker-color": "#2ca02c",
        "marker-symbol": "bus",
        "marker-size": "medium"
      },
      "geometry": {
        "type": "Point",
        "coordinates": [
          35.032843,
          32.770032
        ]
      }
    },
    {
      "type": "Feature",
      "properties": {
        "type": "original_route_stop",
        "stop_code": "42308",
        "stop_name": "התמר/השיטה",
        "marker-color": "#2ca02c",
        "marker-symbol": "bus",
        "marker-size": "medium"
      },
      "geometry": {
        "type": "Point",
        "coordinates": [
          35.036411,
          32.768619
        ]
      }
    },
    {
      "type": "Feature",
      "properties": {
        "type": "original_route_stop",
        "stop_code": "47239",
        "stop_name": "השיטה/התמר",
        "marker-color": "#2ca02c",
        "marker-symbol": "bus",
        "marker-size": "medium"
      },
      "geometry": {
        "type": "Point",
        "coordinates": [
          35.037374,
          32.768
        ]
      }
    },
    {
      "type": "Feature",
      "properties": {
        "type": "original_route_stop",
        "stop_code": "47378",
        "stop_name": "השיטה/החרוב",
        "marker-color": "#2ca02c",
        "marker-symbol": "bus",
        "marker-size": "medium"
      },
      "geometry": {
        "type": "Point",
        "coordinates": [
          35.039381,
          32.766527
        ]
      }
    },
    {
      "type": "Feature",
      "properties": {
        "type": "cancelled_stop",
        "stop_code": "41939",
        "stop_name": "המלך שאול/המלך דוד",
        "marker-color": "#ff0000",
        "marker-symbol": "bus",
        "marker-size": "medium"
      },
      "geometry": {
        "type": "Point",
        "coordinates": [
          34.960807,
          32.806596
        ]
      }
    },
    {
      "type": "Feature",
      "properties": {
        "type": "cancelled_stop",
        "stop_code": "41851",
        "stop_name": "המלך דוד/המלך שאול",
        "marker-color": "#ff0000",
        "marker-symbol": "bus",
        "marker-size": "medium"
      },
      "geometry": {
        "type": "Point",
        "coordinates": [
          34.960237,
          32.806674
        ]
      }
    },
    {
      "type": "Feature",
      "properties": {
        "type": "cancelled_stop",
        "stop_code": "41852",
        "stop_name": "המלך דוד/המלך אסא",
        "marker-color": "#ff0000",
        "marker-symbol": "bus",
        "marker-size": "medium"
      },
      "geometry": {
        "type": "Point",
        "coordinates": [
          34.959527,
          32.808714
        ]
      }
    },
    {
      "type": "Feature",
      "properties": {
        "type": "cancelled_stop",
        "stop_code": "41021",
        "stop_name": "המלך דוד/המלך עוזיהו",
        "marker-color": "#ff0000",
        "marker-symbol": "bus",
        "marker-size": "medium"
      },
      "geometry": {
        "type": "Point",
        "coordinates": [
          34.958867,
          32.81076
        ]
      }
    },
    {
      "type": "Feature",
      "properties": {
        "type": "cancelled_stop",
        "stop_code": "41025",
        "stop_name": "אצ''ל/המלך דוד",
        "marker-color": "#ff0000",
        "marker-symbol": "bus",
        "marker-size": "medium"
      },
      "geometry": {
        "type": "Point",
        "coordinates": [
          34.958498,
          32.813219
        ]
      }
    },
    {
      "type": "Feature",
      "properties": {
        "type": "new_stop",
        "stop_code": "47990",
        "stop_name": "המלך שלמה/המלך אמציהו",
        "marker-color": "#1f9ed6",
        "marker-symbol": "bus",
        "marker-size": "medium"
      },
      "geometry": {
        "type": "Point",
        "coordinates": [
          34.962247,
          32.808538
        ]
      }
    },
    {
      "type": "Feature",
      "properties": {
        "type": "new_stop",
        "stop_code": "49975",
        "stop_name": "המלך שלמה/המלך עוזיהו",
        "marker-color": "#1f9ed6",
        "marker-symbol": "bus",
        "marker-size": "medium"
      },
      "geometry": {
        "type": "Point",
        "coordinates": [
          34.960836,
          32.810532
        ]
      }
    },
    {
      "type": "Feature",
      "properties": {
        "type": "new_stop",
        "stop_code": "47964",
        "stop_name": "המלך שלמה/אצל",
        "marker-color": "#1f9ed6",
        "marker-symbol": "bus",
        "marker-size": "medium"
      },
      "geometry": {
        "type": "Point",
        "coordinates": [
          34.960695,
          32.812845
        ]
      }
    },
    {
      "type": "Feature",
      "properties": {
        "type": "reported_block_stop",
        "stop_code": "41852",
        "stop_name": "המלך דוד/המלך אסא",
        "marker-color": "#ff8800",
        "marker-symbol": "bus",
        "marker-size": "medium"
      },
      "geometry": {
        "type": "Point",
        "coordinates": [
          34.959527,
          32.808714
        ]
      }
    },
    {
      "type": "Feature",
      "properties": {
        "type": "reported_block_stop",
        "stop_code": "41021",
        "stop_name": "המלך דוד/המלך עוזיהו",
        "marker-color": "#ff8800",
        "marker-symbol": "bus",
        "marker-size": "medium"
      },
      "geometry": {
        "type": "Point",
        "coordinates": [
          34.958867,
          32.81076
        ]
      }
    },
    {
      "type": "Feature",
      "properties": {
        "type": "deviate_from_stop",
        "stop_code": "41863",
        "stop_name": "המלך שלמה/המלך שאול",
        "marker-color": "#8000ff",
        "marker-symbol": "bus",
        "marker-size": "medium"
      },
      "geometry": {
        "type": "Point",
        "coordinates": [
          34.963647,
          32.806077
        ]
      }
    },
    {
      "type": "Feature",
      "properties": {
        "type": "deviate_to_stop",
        "stop_code": "41027",
        "stop_name": "אנקואה/האצל",
        "marker-color": "#8000ff",
        "marker-symbol": "bus",
        "marker-size": "medium"
      },
      "geometry": {
        "type": "Point",
        "coordinates": [
          34.960348,
          32.815206
        ]
      }
    }
  ]
}